Workbook

Sheet README
A1: 30 Nights - balance model v1.1
A3: What this is
A4: A paper prototype of the whole game: 14 prep days + 30 nights, one row per day on the Plan sheet.
A5: You play it by filling the yellow cells; the formulas tell you whether the colony is alive on day 44.
A6: The point is to feel where the decisions are BEFORE any code exists, and to tune the numbers on Params.
A8: Sheets
A9: Plan - the day-by-day game. Summary at the top: days alive, verdict, minimum stocks, breaches.
A10: Params - every number of the world (blue). Change a value, watch the Plan recompute.
A11: People - the crew: work speed, expedition speed, carry weight, arrival day. Blank arrival = never joins.
A12: Houses - the village: shop, warehouse, clinic, garage, mine office and twelve residential houses; distance, stock, depletion.
A13: Nights - the rhythm of the siege (assault / probe / quiet), derived from Params.
A15: The rules in one breath
... A38: Generated with openpyxl without cached values: Excel computes every formula on open (press F9 if anything shows 0). All numbers are design assumptions, not sourced data.

Sheet Plan
A1: 30 Nights - balance model v1.1 (two runners a day, 17 houses, damage carries over). Paper prototype: one row = one day.
A2: Days alive | B2: =COUNTIF(AW9:AW52,">0") | D2: Verdict | E2: =IF(B2>=Params!$B$5+Params!$B$6,"SURVIVED","DEAD on day "&(B2+1)) | G2: HOW TO PLAY: fill the yellow cells day by day (hours per job, holes to repair, up to two expeditions: which house and who runs).
A3: Final health | B3: =AW52 | D3: Nights breached | E3: =COUNTIF(AU9:AU52,"BREACH") | G3: Yellow = your daily plan. Blue (Params / People / Houses) = the rules of the world. Black = formulas, do not edit.
A4: Min food | B4: =MIN(AJ9:AJ52) | D4: Cold days | E4: =COUNTIF(AV9:AV52,"<"&Params!$B$44) | G4: Negative stock or a red flag in Status = the plan breaks that day. Hours slack < 0 = overworked; daylight slack < 0 = chopping or a trip in the dark.
A5: Min fuel | B5: =MIN(AI9:AI52) | D5: Dark trips | E5: =COUNTIF(T9:T52,"DARK") | G5: Reference plan pre-filled: it survives, with the last assaults breaching. Try more houses (food up, logs down), a third mouth on People, half the stoves.
A6: Min boards | B6: =MIN(AH9:AH52) | D6: Logs chopped | E6: =SUMPRODUCT(H9:H52,F9:F52)*Params!$B$24
A7: Min logs | B7: =MIN(AG9:AG52) | D7: Spare hours (total) | E7: =SUM(V9:V52)
A8: Day | B8: Phase | C8: Night # | D8: Daylight (h) | E8: People | F8: Team work x | G8: Hours available | H8: Chop (h) | I8: Saw (h) | J8: Split (h) | K8: Repair holes (#) | L8: Reinforce (#) | M8: Build sections (#) | N8: Trip 1 house | O8: Trip 1 person | P8: Trip 2 house | Q8: Trip 2 person | R8: Trip 1 (h) | S8: Trip 2 (h) | T8: Trip check | U8: Hours used | V8: Hours slack | W8: Daylight slack | X8: Stoves lit | Y8: Carry 1 | Z8: Food haul 1 | AA8: Boards haul 1 | AB8: Meds haul 1 | AC8: Carry 2 | AD8: Food haul 2 | AE8: Boards haul 2 | AF8: Meds haul 2 | AG8: Logs | AH8: Boards | AI8: Fuel | AJ8: Food | AK8: Meds | AL8: Missing sections | AM8: Holes (before night) | AN8: Buffer hp (before) | AO8: Attackers | AP8: Damage | AQ8: Buffer hp (after) | AR8: New holes | AS8: Damage carry (hp) | AT8: Holes (after night) | AU8: Breach | AV8: Temp inside (C) | AW8: Health | AX8: Status
A9: 1 | B9: =IF(A9<=Params!$B$5,"prep","night") | C9: =MAX(0,A9-Params!$B$5) | D9: =IF(A9<=Params!$B$5,ROUND(Params!$B$7-(Params!$B$7-Params!$B$8)*(A9-1)/(Params!$B$5-1),1),0) | E9: =COUNTIFS(People!$F$2:$F$7,"<="&A9,People!$F$2:$F$7,">0") | F9: =IF(E9=0,1,SUMIFS(People!$C$2:$C$7,People!$F$2:$F$7,"<="&A9,People!$F$2:$F$7,">0")/E9) | G9: =E9*Params!$B$9 | H9: 4.6 | I9: 2 | J9: 1 | K9: 1 | L9: 0 | M9: 1 | N9: SHOP | O9: A | P9: CLINIC | Q9: B | R9: =IF(N9="",0,(2*INDEX(Houses!$D$2:$D$18,MATCH(N9,Houses!$A$2:$A$18,0))+Params!$B$57)/IF(O9="",1,INDEX(People!$D$2:$D$7,MATCH(O9,People!$A$2:$A$7,0)))) | S9: =IF(P9="",0,(2*INDEX(Houses!$D$2:$D$18,MATCH(P9,Houses!$A$2:$A$18,0))+Params!$B$57)/IF(Q9="",1,INDEX(People!$D$2:$D$7,MATCH(Q9,People!$A$2:$A$7,0)))) | T9: =IF(AND(N9="",P9=""),"",IF(MAX(R9,S9)<=D9,"ok","DARK")) | U9: =H9+I9+J9+K9*Params!$B$32+L9*Params!$B$34+M9*Params!$B$37+R9+S9 | V9: =G9-U9 | W9: =D9*E9-(H9+R9+S9) | X9: 1 | Y9: =IF(N9="",0,IF(O9="",8,INDEX(People!$E$2:$E$7,MATCH(O9,People!$A$2:$A$7,0)))) | Z9: =IF(N9="",0,MAX(0,MIN(INDEX(Houses!$E$2:$E$18,MATCH(N9,Houses!$A$2:$A$18,0))-IF(INDEX(Houses!$H$2:$H$18,MATCH(N9,Houses!$A$2:$A$18,0))=1,SUMIF($N$8:N8,N9,$Z$8:Z8)+SUMIF($P$8:P8,N9,$AD$8:AD8),0),Y9))) | AA9: =IF(N9="",0,MAX(0,MIN(INDEX(Houses!$F$2:$F$18,MATCH(N9,Houses!$A$2:$A$18,0))-IF(INDEX(Houses!$H$2:$H$18,MATCH(N9,Houses!$A$2:$A$18,0))=1,SUMIF($N$8:N8,N9,$AA$8:AA8)+SUMIF($P$8:P8,N9,$AE$8:AE8),0),INT((Y9-Z9)/2)))) | AB9: =IF(N9="",0,MAX(0,INDEX(Houses!$G$2:$G$18,MATCH(N9,Houses!$A$2:$A$18,0))-IF(INDEX(Houses!$H$2:$H$18,MATCH(N9,Houses!$A$2:$A$18,0))=1,SUMIF($N$8:N8,N9,$AB$8:AB8)+SUMIF($P$8:P8,N9,$AF$8:AF8),0))) | AC9: =IF(P9="",0,IF(Q9="",8,INDEX(People!$E$2:$E$7,MATCH(Q9,People!$A$2:$A$7,0)))) | AD9: =IF(P9="",0,MAX(0,MIN(INDEX(Houses!$E$2:$E$18,MATCH(P9,Houses!$A$2:$A$18,0))-IF(INDEX(Houses!$H$2:$H$18,MATCH(P9,Houses!$A$2:$A$18,0))=1,SUMIF($P$8:P8,P9,$AD$8:AD8)+SUMIF($N$8:N8,P9,$Z$8:Z8)+IF(N9=P9,Z9,0),0),AC9))) | AE9: =IF(P9="",0,MAX(0,MIN(INDEX(Houses!$F$2:$F$18,MATCH(P9,Houses!$A$2:$A$18,0))-IF(INDEX(Houses!$H$2:$H$18,MATCH(P9,Houses!$A$2:$A$18,0))=1,SUMIF($P$8:P8,P9,$AE$8:AE8)+SUMIF($N$8:N8,P9,$AA$8:AA8)+IF(N9=P9,AA9,0),0),INT((AC9-AD9)/2)))) | AF9: =IF(P9="",0,MAX(0,INDEX(Houses!$G$2:$G$18,MATCH(P9,Houses!$A$2:$A$18,0))-IF(INDEX(Houses!$H$2:$H$18,MATCH(P9,Houses!$A$2:$A$18,0))=1,SUMIF($P$8:P8,P9,$AF$8:AF8)+SUMIF($N$8:N8,P9,$AB$8:AB8)+IF(N9=P9,AB9,0),0))) | AG9: =Params!$B$14+H9*Params!$B$24*F9-I9*Params!$B$25-J9*Params!$B$27 | AH9: =Params!$B$13+I9*Params!$B$25*Params!$B$26-K9*Params!$B$31-L9*Params!$B$33-M9*Params!$B$36+AA9+AE9 | AI9: =Params!$B$12+J9*Params!$B$27*Params!$B$28-X9*Params!$B$43*24 | AJ9: =Params!$B$11-E9*Params!$B$22+Z9+AD9 | AK9: =Params!$B$15+AB9+AF9 | AL9: =MAX(0,Params!$B$17-M9) | AM9: =MAX(0,Params!$B$18-K9) | AN9: =Params!$B$19+L9*Params!$B$35 | AO9: =IF(C9=0,0,INDEX(Nights!$B$2:$B$31,C9)) | AP9: =AO9*Params!$B$51*Params!$B$50 | AQ9: =MAX(0,AN9-AP9) | AR9: =INT((Params!$B$20+MAX(0,AP9-AN9))/Params!$B$30) | AS9: =(Params!$B$20+MAX(0,AP9-AN9))-AR9*Params!$B$30 | AT9: =AM9+AR9 | AU9: =IF(AND(AO9>0,OR(AM9+AL9>0,AR9>0)),"BREACH","") | AV9: =Params!$B$40+IF(AI9<0,0,X9)*Params!$B$41-(AM9+AL9)*Params!$B$42 | AW9: =MAX(0,MIN(100,Params!$B$16-IF(AV9<Params!$B$44,(Params!$B$44-AV9)*Params!$B$45,0)-IF(AJ9<0,Params!$B$54,0)-IF(AU9="BREACH",Params!$B$53,0)-IF(T9="DARK",Params!$B$55,0))) | AX9: =IF(AW9<=0,"DEAD",TRIM(IF(V9<0,"OVERWORK ","")&IF(W9<0,"NO-DAYLIGHT ","")&IF(AG9<0,"NO-LOGS ","")&IF(AH9<0,"NO-BOARDS ","")&IF(AI9<0,"NO-FUEL ","")&IF(AJ9<0,"HUNGER ","")&AU9&" "&IF(T9="DARK","DARK-TRIP ","")&IF(AV9<Params!$B$44,"COLD","")))
A10: 2 | B10: =IF(A10<=Params!$B$5,"prep","night") | C10: =MAX(0,A10-Params!$B$5) | D10: =IF(A10<=Params!$B$5,ROUND(Params!$B$7-(Params!$B$7-Params!$B$8)*(A10-1)/(Params!$B$5-1),1),0) | E10: =COUNTIFS(People!$F$2:$F$7,"<="&A10,People!$F$2:$F$7,">0") | F10: =IF(E10=0,1,SUMIFS(People!$C$2:$C$7,People!$F$2:$F$7,"<="&A10,People!$F$2:$F$7,">0")/E10) | G10: =E10*Params!$B$9 | H10: 5.1 | I10: 6 | J10: 1 | K10: 1 | L10: 0 | M10: 0 | N10: SHOP | O10: A | P10: GARAGE | Q10: B | R10: =IF(N10="",0,(2*INDEX(Houses!$D$2:$D$18,MATCH(N10,Houses!$A$2:$A$18,0))+Params!$B$57)/IF(O10="",1,INDEX(People!$D$2:$D$7,MATCH(O10,People!$A$2:$A$7,0)))) | S10: =IF(P10="",0,(2*INDEX(Houses!$D$2:$D$18,MATCH(P10,Houses!$A$2:$A$18,0))+Params!$B$57)/IF(Q10="",1,INDEX(People!$D$2:$D$7,MATCH(Q10,People!$A$2:$A$7,0)))) | T10: =IF(AND(N10="",P10=""),"",IF(MAX(R10,S10)<=D10,"ok","DARK")) | U10: =H10+I10+J10+K10*Params!$B$32+L10*Params!$B$34+M10*Params!$B$37+R10+S10 | V10: =G10-U10 | W10: =D10*E10-(H10+R10+S10) | X10: 1 | Y10: =IF(N10="",0,IF(O10="",8,INDEX(People!$E$2:$E$7,MATCH(O10,People!$A$2:$A$7,0)))) | Z10: =IF(N10="",0,MAX(0,MIN(INDEX(Houses!$E$2:$E$18,MATCH(N10,Houses!$A$2:$A$18,0))-IF(INDEX(Houses!$H$2:$H$18,MATCH(N10,Houses!$A$2:$A$18,0))=1,SUMIF($N$8:N9,N10,$Z$8:Z9)+SUMIF($P$8:P9,N10,$AD$8:AD9),0),Y10))) | AA10: =IF(N10="",0,MAX(0,MIN(INDEX(Houses!$F$2:$F$18,MATCH(N10,Houses!$A$2:$A$18,0))-IF(INDEX(Houses!$H$2:$H$18,MATCH(N10,Houses!$A$2:$A$18,0))=1,SUMIF($N$8:N9,N10,$AA$8:AA9)+SUMIF($P$8:P9,N10,$AE$8:AE9),0),INT((Y10-Z10)/2)))) | AB10: =IF(N10="",0,MAX(0,INDEX(Houses!$G$2:$G$18,MATCH(N10,Houses!$A$2:$A$18,0))-IF(INDEX(Houses!$H$2:$H$18,MATCH(N10,Houses!$A$2:$A$18,0))=1,SUMIF($N$8:N9,N10,$AB$8:AB9)+SUMIF($P$8:P9,N10,$AF$8:AF9),0))) | AC10: =IF(P10="",0,IF(Q10="",8,INDEX(People!$E$2:$E$7,MATCH(Q10,People!$A$2:$A$7,0)))) | AD10: =IF(P10="",0,MAX(0,MIN(INDEX(Houses!$E$2:$E$18,MATCH(P10,Houses!$A$2:$A$18,0))-IF(INDEX(Houses!$H$2:$H$18,MATCH(P10,Houses!$A$2:$A$18,0))=1,SUMIF($P$8:P9,P10,$AD$8:AD9)+SUMIF($N$8:N9,P10,$Z$8:Z9)+IF(N10=P10,Z10,0),0),AC10))) | AE10: =IF(P10="",0,MAX(0,MIN(INDEX(Houses!$F$2:$F$18,MATCH(P10,Houses!$A$2:$A$18,0))-IF(INDEX(Houses!$H$2:$H$18,MATCH(P10,Houses!$A$2:$A$18,0))=1,SUMIF($P$8:P9,P10,$AE$8:AE9)+SUMIF($N$8:N9,P10,$AA$8:AA9)+IF(N10=P10,AA10,0),0),INT((AC10-AD10)/2)))) | AF10: =IF(P10="",0,MAX(0,INDEX(Houses!$G$2:$G$18,MATCH(P10,Houses!$A$2:$A$18,0))-IF(INDEX(Houses!$H$2:$H$18,MATCH(P10,Houses!$A$2:$A$18,0))=1,SUMIF($P$8:P9,P10,$AF$8:AF9)+SUMIF($N$8:N9,P10,$AB$8:AB9)+IF(N10=P10,AB10,0),0))) | AG10: =AG9+H10*Params!$B$24*F10-I10*Params!$B$25-J10*Params!$B$27 | AH10: =AH9+I10*Params!$B$25*Params!$B$26-K10*Params!$B$31-L10*Params!$B$33-M10*Params!$B$36+AA10+AE10 | AI10: =AI9+J10*Params!$B$27*Params!$B$28-X10*Params!$B$43*24 | AJ10: =AJ9-E10*Params!$B$22+Z10+AD10 | AK10: =AK9+AB10+AF10 | AL10: =MAX(0,AL9-M10) | AM10: =MAX(0,AT9-K10) | AN10: =AQ9+L10*Params!$B$35 | AO10: =IF(C10=0,0,INDEX(Nights!$B$2:$B$31,C10)) | AP10: =AO10*Params!$B$51*Params!$B$50 | AQ10: =MAX(0,AN10-AP10) | AR10: =INT((AS9+MAX(0,AP10-AN10))/Params!$B$30) | AS10: =(AS9+MAX(0,AP10-AN10))-AR10*Params!$B$30 | AT10: =AM10+AR10 | AU10: =IF(AND(AO10>0,OR(AM10+AL10>0,AR10>0)),"BREACH","") | AV10: =Params!$B$40+IF(AI10<0,0,X10)*Params!$B$41-(AM10+AL10)*Params!$B$42 | AW10: =MAX(0,MIN(100,AW9-IF(AV10<Params!$B$44,(Params!$B$44-AV10)*Params!$B$45,0)-IF(AJ10<0,Params!$B$54,0)-IF(AU10="BREACH",Params!$B$53,0)-IF(T10="DARK",Params!$B$55,0))) | AX10: =IF(AW10<=0,"DEAD",TRIM(IF(V10<0,"OVERWORK ","")&IF(W10<0,"NO-DAYLIGHT ","")&IF(AG10<0,"NO-LOGS ","")&IF(AH10<0,"NO-BOARDS ","")&IF(AI10<0,"NO-FUEL ","")&IF(AJ10<0,"HUNGER ","")&AU10&" "&IF(T10="DARK","DARK-TRIP ","")&IF(AV10<Params!$B$44,"COLD","")))
A11: 3 | B11: =IF(A11<=Params!$B$5,"prep","night") | C11: =MAX(0,A11-Params!$B$5) | D11: =IF(A11<=Params!$B$5,ROUND(Params!$B$7-(Params!$B$7-Params!$B$8)*(A11-1)/(Params!$B$5-1),1),0) | E11: =COUNTIFS(People!$F$2:$F$7,"<="&A11,People!$F$2:$F$7,">0") | F11: =IF(E11=0,1,SUMIFS(People!$C$2:$C$7,People!$F$2:$F$7,"<="&A11,People!$F$2:$F$7,">0")/E11) | G11: =E11*Params!$B$9 | H11: 5.4 | I11: 5 | J11: 2 | K11: 0 | L11: 0 | M11: 1 | N11: SHOP | O11: A | P11: R03 | Q11: B | R11: =IF(N11="",0,(2*INDEX(Houses!$D$2:$D$18,MATCH(N11,Houses!$A$2:$A$18,0))+Params!$B$57)/IF(O11="",1,INDEX(People!$D$2:$D$7,MATCH(O11,People!$A$2:$A$7,0)))) | S11: =IF(P11="",0,(2*INDEX(Houses!$D$2:$D$18,MATCH(P11,Houses!$A$2:$A$18,0))+Params!$B$57)/IF(Q11="",1,INDEX(People!$D$2:$D$7,MATCH(Q11,People!$A$2:$A$7,0)))) | T11: =IF(AND(N11="",P11=""),"",IF(MAX(R11,S11)<=D11,"ok","DARK")) | U11: =H11+I11+J11+K11*Params!$B$32+L11*Params!$B$34+M11*Params!$B$37+R11+S11 | V11: =G11-U11 | W11: =D11*E11-(H11+R11+S11) | X11: 1 | Y11: =IF(N11="",0,IF(O11="",8,INDEX(People!$E$2:$E$7,MATCH(O11,People!$A$2:$A$7,0)))) | Z11: =IF(N11="",0,MAX(0,MIN(INDEX(Houses!$E$2:$E$18,MATCH(N11,Houses!$A$2:$A$18,0))-IF(INDEX(Houses!$H$2:$H$18,MATCH(N11,Houses!$A$2:$A$18,0))=1,SUMIF($N$8:N10,N11,$Z$8:Z10)+SUMIF($P$8:P10,N11,$AD$8:AD10),0),Y11))) | AA11: =IF(N11="",0,MAX(0,MIN(INDEX(Houses!$F$2:$F$18,MATCH(N11,Houses!$A$2:$A$18,0))-IF(INDEX(Houses!$H$2:$H$18,MATCH(N11,Houses!$A$2:$A$18,0))=1,SUMIF($N$8:N10,N11,$AA$8:AA10)+SUMIF($P$8:P10,N11,$AE$8:AE10),0),INT((Y11-Z11)/2)))) | AB11: =IF(N11="",0,MAX(0,INDEX(Houses!$G$2:$G$18,MATCH(N11,Houses!$A$2:$A$18,0))-IF(INDEX(Houses!$H$2:$H$18,MATCH(N11,Houses!$A$2:$A$18,0))=1,SUMIF($N$8:N10,N11,$AB$8:AB10)+SUMIF($P$8:P10,N11,$AF$8:AF10),0))) | AC11: =IF(P11="",0,IF(Q11="",8,INDEX(People!$E$2:$E$7,MATCH(Q11,People!$A$2:$A$7,0)))) | AD11: =IF(P11="",0,MAX(0,MIN(INDEX(Houses!$E$2:$E$18,MATCH(P11,Houses!$A$2:$A$18,0))-IF(INDEX(Houses!$H$2:$H$18,MATCH(P11,Houses!$A$2:$A$18,0))=1,SUMIF($P$8:P10,P11,$AD$8:AD10)+SUMIF($N$8:N10,P11,$Z$8:Z10)+IF(N11=P11,Z11,0),0),AC11))) | AE11: =IF(P11="",0,MAX(0,MIN(INDEX(Houses!$F$2:$F$18,MATCH(P11,Houses!$A$2:$A$18,0))-IF(INDEX(Houses!$H$2:$H$18,MATCH(P11,Houses!$A$2:$A$18,0))=1,SUMIF($P$8:P10,P11,$AE$8:AE10)+SUMIF($N$8:N10,P11,$AA$8:AA10)+IF(N11=P11,AA11,0),0),INT((AC11-AD11)/2)))) | AF11: =IF(P11="",0,MAX(0,INDEX(Houses!$G$2:$G$18,MATCH(P11,Houses!$A$2:$A$18,0))-IF(INDEX(Houses!$H$2:$H$18,MATCH(P11,Houses!$A$2:$A$18,0))=1,SUMIF($P$8:P10,P11,$AF$8:AF10)+SUMIF($N$8:N10,P11,$AB$8:AB10)+IF(N11=P11,AB11,0),0))) | AG11: =AG10+H11*Params!$B$24*F11-I11*Params!$B$25-J11*Params!$B$27 | AH11: =AH10+I11*Params!$B$25*Params!$B$26-K11*Params!$B$31-L11*Params!$B$33-M11*Params!$B$36+AA11+AE11 | AI11: =AI10+J11*Params!$B$27*Params!$B$28-X11*Params!$B$43*24 | AJ11: =AJ10-E11*Params!$B$22+Z11+AD11 | AK11: =AK10+AB11+AF11 | AL11: =MAX(0,AL10-M11) | AM11: =MAX(0,AT10-K11) | AN11: =AQ10+L11*Params!$B$35 | AO11: =IF(C11=0,0,INDEX(Nights!$B$2:$B$31,C11)) | AP11: =AO11*Params!$B$51*Params!$B$50 | AQ11: =MAX(0,AN11-AP11) | AR11: =INT((AS10+MAX(0,AP11-AN11))/Params!$B$30) | AS11: =(AS10+MAX(0,AP11-AN11))-AR11*Params!$B$30 | AT11: =AM11+AR11 | AU11: =IF(AND(AO11>0,OR(AM11+AL11>0,AR11>0)),"BREACH","") | AV11: =Params!$B$40+IF(AI11<0,0,X11)*Params!$B$41-(AM11+AL11)*Params!$B$42 | AW11: =MAX(0,MIN(100,AW10-IF(AV11<Params!$B$44,(Params!$B$44-AV11)*Params!$B$45,0)-IF(AJ11<0,Params!$B$54,0)-IF(AU11="BREACH",Params!$B$53,0)-IF(T11="DARK",Params!$B$55,0))) | AX11: =IF(AW11<=0,"DEAD",TRIM(IF(V11<0,"OVERWORK ","")&IF(W11<0,"NO-DAYLIGHT ","")&IF(AG11<0,"NO-LOGS ","")&IF(AH11<0,"NO-BOARDS ","")&IF(AI11<0,"NO-FUEL ","")&IF(AJ11<0,"HUNGER ","")&AU11&" "&IF(T11="DARK","DARK-TRIP ","")&IF(AV11<Params!$B$44,"COLD","")))
A12: 4 | B12: =IF(A12<=Params!$B$5,"prep","night") | C12: =MAX(0,A12-Params!$B$5) | D12: =IF(A12<=Params!$B$5,ROUND(Params!$B$7-(Params!$B$7-Params!$B$8)*(A12-1)/(Params!$B$5-1),1),0) | E12: =COUNTIFS(People!$F$2:$F$7,"<="&A12,People!$F$2:$F$7,">0") | F12: =IF(E12=0,1,SUMIFS(People!$C$2:$C$7,People!$F$2:$F$7,"<="&A12,People!$F$2:$F$7,">0")/E12) | G12: =E12*Params!$B$9 | H12: 4.4 | I12: 7 | J12: 1 | K12: 0 | L12: 0 | M12: 1 | N12: SHOP | O12: A | P12: R06 | Q12: B | R12: =IF(N12="",0,(2*INDEX(Houses!$D$2:$D$18,MATCH(N12,Houses!$A$2:$A$18,0))+Params!$B$57)/IF(O12="",1,INDEX(People!$D$2:$D$7,MATCH(O12,People!$A$2:$A$7,0)))) | S12: =IF(P12="",0,(2*INDEX(Houses!$D$2:$D$18,MATCH(P12,Houses!$A$2:$A$18,0))+Params!$B$57)/IF(Q12="",1,INDEX(People!$D$2:$D$7,MATCH(Q12,People!$A$2:$A$7,0)))) | T12: =IF(AND(N12="",P12=""),"",IF(MAX(R12,S12)<=D12,"ok","DARK")) | U12: =H12+I12+J12+K12*Params!$B$32+L12*Params!$B$34+M12*Params!$B$37+R12+S12 | V12: =G12-U12 | W12: =D12*E12-(H12+R12+S12) | X12: 1 | Y12: =IF(N12="",0,IF(O12="",8,INDEX(People!$E$2:$E$7,MATCH(O12,People!$A$2:$A$7,0)))) | Z12: =IF(N12="",0,MAX(0,MIN(INDEX(Houses!$E$2:$E$18,MATCH(N12,Houses!$A$2:$A$18,0))-IF(INDEX(Houses!$H$2:$H$18,MATCH(N12,Houses!$A$2:$A$18,0))=1,SUMIF($N$8:N11,N12,$Z$8:Z11)+SUMIF($P$8:P11,N12,$AD$8:AD11),0),Y12))) | AA12: =IF(N12="",0,MAX(0,MIN(INDEX(Houses!$F$2:$F$18,MATCH(N12,Houses!$A$2:$A$18,0))-IF(INDEX(Houses!$H$2:$H$18,MATCH(N12,Houses!$A$2:$A$18,0))=1,SUMIF($N$8:N11,N12,$AA$8:AA11)+SUMIF($P$8:P11,N12,$AE$8:AE11),0),INT((Y12-Z12)/2)))) | AB12: =IF(N12="",0,MAX(0,INDEX(Houses!$G$2:$G$18,MATCH(N12,Houses!$A$2:$A$18,0))-IF(INDEX(Houses!$H$2:$H$18,MATCH(N12,Houses!$A$2:$A$18,0))=1,SUMIF($N$8:N11,N12,$AB$8:AB11)+SUMIF($P$8:P11,N12,$AF$8:AF11),0))) | AC12: =IF(P12="",0,IF(Q12="",8,INDEX(People!$E$2:$E$7,MATCH(Q12,People!$A$2:$A$7,0)))) | AD12: =IF(P12="",0,MAX(0,MIN(INDEX(Houses!$E$2:$E$18,MATCH(P12,Houses!$A$2:$A$18,0))-IF(INDEX(Houses!$H$2:$H$18,MATCH(P12,Houses!$A$2:$A$18,0))=1,SUMIF($P$8:P11,P12,$AD$8:AD11)+SUMIF($N$8:N11,P12,$Z$8:Z11)+IF(N12=P12,Z12,0),0),AC12))) | AE12: =IF(P12="",0,MAX(0,MIN(INDEX(Houses!$F$2:$F$18,MATCH(P12,Houses!$A$2:$A$18,0))-IF(INDEX(Houses!$H$2:$H$18,MATCH(P12,Houses!$A$2:$A$18,0))=1,SUMIF($P$8:P11,P12,$AE$8:AE11)+SUMIF($N$8:N11,P12,$AA$8:AA11)+IF(N12=P12,AA12,0),0),INT((AC12-AD12)/2)))) | AF12: =IF(P12="",0,MAX(0,INDEX(Houses!$G$2:$G$18,MATCH(P12,Houses!$A$2:$A$18,0))-IF(INDEX(Houses!$H$2:$H$18,MATCH(P12,Houses!$A$2:$A$18,0))=1,SUMIF($P$8:P11,P12,$AF$8:AF11)+SUMIF($N$8:N11,P12,$AB$8:AB11)+IF(N12=P12,AB12,0),0))) | AG12: =AG11+H12*Params!$B$24*F12-I12*Params!$B$25-J12*Params!$B$27 | AH12: =AH11+I12*Params!$B$25*Params!$B$26-K12*Params!$B$31-L12*Params!$B$33-M12*Params!$B$36+AA12+AE12 | AI12: =AI11+J12*Params!$B$27*Params!$B$28-X12*Params!$B$43*24 | AJ12: =AJ11-E12*Params!$B$22+Z12+AD12 | AK12: =AK11+AB12+AF12 | AL12: =MAX(0,AL11-M12) | AM12: =MAX(0,AT11-K12) | AN12: =AQ11+L12*Params!$B$35 | AO12: =IF(C12=0,0,INDEX(Nights!$B$2:$B$31,C12)) | AP12: =AO12*Params!$B$51*Params!$B$50 | AQ12: =MAX(0,AN12-AP12) | AR12: =INT((AS11+MAX(0,AP12-AN12))/Params!$B$30) | AS12: =(AS11+MAX(0,AP12-AN12))-AR12*Params!$B$30 | AT12: =AM12+AR12 | AU12: =IF(AND(AO12>0,OR(AM12+AL12>0,AR12>0)),"BREACH","") | AV12: =Params!$B$40+IF(AI12<0,0,X12)*Params!$B$41-(AM12+AL12)*Params!$B$42 | AW12: =MAX(0,MIN(100,AW11-IF(AV12<Params!$B$44,(Params!$B$44-AV12)*Params!$B$45,0)-IF(AJ12<0,Params!$B$54,0)-IF(AU12="BREACH",Params!$B$53,0)-IF(T12="DARK",Params!$B$55,0))) | AX12: =IF(AW12<=0,"DEAD",TRIM(IF(V12<0,"OVERWORK ","")&IF(W12<0,"NO-DAYLIGHT ","")&IF(AG12<0,"NO-LOGS ","")&IF(AH12<0,"NO-BOARDS ","")&IF(AI12<0,"NO-FUEL ","")&IF(AJ12<0,"HUNGER ","")&AU12&" "&IF(T12="DARK","DARK-TRIP ","")&IF(AV12<Params!$B$44,"COLD","")))
A13: 5 | B13: =IF(A13<=Params!$B$5,"prep","night") | C13: =MAX(0,A13-Params!$B$5) | D13: =IF(A13<=Params!$B$5,ROUND(Params!$B$7-(Params!$B$7-Params!$B$8)*(A13-1)/(Params!$B$5-1),1),0) | E13: =COUNTIFS(People!$F$2:$F$7,"<="&A13,People!$F$2:$F$7,">0") | F13: =IF(E13=0,1,SUMIFS(People!$C$2:$C$7,People!$F$2:$F$7,"<="&A13,People!$F$2:$F$7,">0")/E13) | G13: =E13*Params!$B$9 | H13: 9.2 | I13: 8 | J13: 1 | K13: 0 | L13: 0 | M13: 1 | N13: R05 | O13: B | R13: =IF(N13="",0,(2*INDEX(Houses!$D$2:$D$18,MATCH(N13,Houses!$A$2:$A$18,0))+Params!$B$57)/IF(O13="",1,INDEX(People!$D$2:$D$7,MATCH(O13,People!$A$2:$A$7,0)))) | S13: =IF(P13="",0,(2*INDEX(Houses!$D$2:$D$18,MATCH(P13,Houses!$A$2:$A$18,0))+Params!$B$57)/IF(Q13="",1,INDEX(People!$D$2:$D$7,MATCH(Q13,People!$A$2:$A$7,0)))) | T13: =IF(AND(N13="",P13=""),"",IF(MAX(R13,S13)<=D13,"ok","DARK")) | U13: =H13+I13+J13+K13*Params!$B$32+L13*Params!$B$34+M13*Params!$B$37+R13+S13 | V13: =G13-U13 | W13: =D13*E13-(H13+R13+S13) | X13: 1 | Y13: =IF(N13="",0,IF(O13="",8,INDEX(People!$E$2:$E$7,MATCH(O13,People!$A$2:$A$7,0)))) | Z13: =IF(N13="",0,MAX(0,MIN(INDEX(Houses!$E$2:$E$18,MATCH(N13,Houses!$A$2:$A$18,0))-IF(INDEX(Houses!$H$2:$H$18,MATCH(N13,Houses!$A$2:$A$18,0))=1,SUMIF($N$8:N12,N13,$Z$8:Z12)+SUMIF($P$8:P12,N13,$AD$8:AD12),0),Y13))) | AA13: =IF(N13="",0,MAX(0,MIN(INDEX(Houses!$F$2:$F$18,MATCH(N13,Houses!$A$2:$A$18,0))-IF(INDEX(Houses!$H$2:$H$18,MATCH(N13,Houses!$A$2:$A$18,0))=1,SUMIF($N$8:N12,N13,$AA$8:AA12)+SUMIF($P$8:P12,N13,$AE$8:AE12),0),INT((Y13-Z13)/2)))) | AB13: =IF(N13="",0,MAX(0,INDEX(Houses!$G$2:$G$18,MATCH(N13,Houses!$A$2:$A$18,0))-IF(INDEX(Houses!$H$2:$H$18,MATCH(N13,Houses!$A$2:$A$18,0))=1,SUMIF($N$8:N12,N13,$AB$8:AB12)+SUMIF($P$8:P12,N13,$AF$8:AF12),0))) | AC13: =IF(P13="",0,IF(Q13="",8,INDEX(People!$E$2:$E$7,MATCH(Q13,People!$A$2:$A$7,0)))) | AD13: =IF(P13="",0,MAX(0,MIN(INDEX(Houses!$E$2:$E$18,MATCH(P13,Houses!$A$2:$A$18,0))-IF(INDEX(Houses!$H$2:$H$18,MATCH(P13,Houses!$A$2:$A$18,0))=1,SUMIF($P$8:P12,P13,$AD$8:AD12)+SUMIF($N$8:N12,P13,$Z$8:Z12)+IF(N13=P13,Z13,0),0),AC13))) | AE13: =IF(P13="",0,MAX(0,MIN(INDEX(Houses!$F$2:$F$18,MATCH(P13,Houses!$A$2:$A$18,0))-IF(INDEX(Houses!$H$2:$H$18,MATCH(P13,Houses!$A$2:$A$18,0))=1,SUMIF($P$8:P12,P13,$AE$8:AE12)+SUMIF($N$8:N12,P13,$AA$8:AA12)+IF(N13=P13,AA13,0),0),INT((AC13-AD13)/2)))) | AF13: =IF(P13="",0,MAX(0,INDEX(Houses!$G$2:$G$18,MATCH(P13,Houses!$A$2:$A$18,0))-IF(INDEX(Houses!$H$2:$H$18,MATCH(P13,Houses!$A$2:$A$18,0))=1,SUMIF($P$8:P12,P13,$AF$8:AF12)+SUMIF($N$8:N12,P13,$AB$8:AB12)+IF(N13=P13,AB13,0),0))) | AG13: =AG12+H13*Params!$B$24*F13-I13*Params!$B$25-J13*Params!$B$27 | AH13: =AH12+I13*Params!$B$25*Params!$B$26-K13*Params!$B$31-L13*Params!$B$33-M13*Params!$B$36+AA13+AE13 | AI13: =AI12+J13*Params!$B$27*Params!$B$28-X13*Params!$B$43*24 | AJ13: =AJ12-E13*Params!$B$22+Z13+AD13 | AK13: =AK12+AB13+AF13 | AL13: =MAX(0,AL12-M13) | AM13: =MAX(0,AT12-K13) | AN13: =AQ12+L13*Params!$B$35 | AO13: =IF(C13=0,0,INDEX(Nights!$B$2:$B$31,C13)) | AP13: =AO13*Params!$B$51*Params!$B$50 | AQ13: =MAX(0,AN13-AP13) | AR13: =INT((AS12+MAX(0,AP13-AN13))/Params!$B$30) | AS13: =(AS12+MAX(0,AP13-AN13))-AR13*Params!$B$30 | AT13: =AM13+AR13 | AU13: =IF(AND(AO13>0,OR(AM13+AL13>0,AR13>0)),"BREACH","") | AV13: =Params!$B$40+IF(AI13<0,0,X13)*Params!$B$41-(AM13+AL13)*Params!$B$42 | AW13: =MAX(0,MIN(100,AW12-IF(AV13<Params!$B$44,(Params!$B$44-AV13)*Params!$B$45,0)-IF(AJ13<0,Params!$B$54,0)-IF(AU13="BREACH",Params!$B$53,0)-IF(T13="DARK",Params!$B$55,0))) | AX13: =IF(AW13<=0,"DEAD",TRIM(IF(V13<0,"OVERWORK ","")&IF(W13<0,"NO-DAYLIGHT ","")&IF(AG13<0,"NO-LOGS ","")&IF(AH13<0,"NO-BOARDS ","")&IF(AI13<0,"NO-FUEL ","")&IF(AJ13<0,"HUNGER ","")&AU13&" "&IF(T13="DARK","DARK-TRIP ","")&IF(AV13<Params!$B$44,"COLD","")))
A14: 6 | B14: =IF(A14<=Params!$B$5,"prep","night") | C14: =MAX(0,A14-Params!$B$5) | D14: =IF(A14<=Params!$B$5,ROUND(Params!$B$7-(Params!$B$7-Params!$B$8)*(A14-1)/(Params!$B$5-1),1),0) | E14: =COUNTIFS(People!$F$2:$F$7,"<="&A14,People!$F$2:$F$7,">0") | F14: =IF(E14=0,1,SUMIFS(People!$C$2:$C$7,People!$F$2:$F$7,"<="&A14,People!$F$2:$F$7,">0")/E14) | G14: =E14*Params!$B$9 | H14: 8.2 | I14: 1 | J14: 7 | K14: 0 | L14: 0 | M14: 0 | N14: R04 | O14: B | R14: =IF(N14="",0,(2*INDEX(Houses!$D$2:$D$18,MATCH(N14,Houses!$A$2:$A$18,0))+Params!$B$57)/IF(O14="",1,INDEX(People!$D$2:$D$7,MATCH(O14,People!$A$2:$A$7,0)))) | S14: =IF(P14="",0,(2*INDEX(Houses!$D$2:$D$18,MATCH(P14,Houses!$A$2:$A$18,0))+Params!$B$57)/IF(Q14="",1,INDEX(People!$D$2:$D$7,MATCH(Q14,People!$A$2:$A$7,0)))) | T14: =IF(AND(N14="",P14=""),"",IF(MAX(R14,S14)<=D14,"ok","DARK")) | U14: =H14+I14+J14+K14*Params!$B$32+L14*Params!$B$34+M14*Params!$B$37+R14+S14 | V14: =G14-U14 | W14: =D14*E14-(H14+R14+S14) | X14: 1 | Y14: =IF(N14="",0,IF(O14="",8,INDEX(People!$E$2:$E$7,MATCH(O14,People!$A$2:$A$7,0)))) | Z14: =IF(N14="",0,MAX(0,MIN(INDEX(Houses!$E$2:$E$18,MATCH(N14,Houses!$A$2:$A$18,0))-IF(INDEX(Houses!$H$2:$H$18,MATCH(N14,Houses!$A$2:$A$18,0))=1,SUMIF($N$8:N13,N14,$Z$8:Z13)+SUMIF($P$8:P13,N14,$AD$8:AD13),0),Y14))) | AA14: =IF(N14="",0,MAX(0,MIN(INDEX(Houses!$F$2:$F$18,MATCH(N14,Houses!$A$2:$A$18,0))-IF(INDEX(Houses!$H$2:$H$18,MATCH(N14,Houses!$A$2:$A$18,0))=1,SUMIF($N$8:N13,N14,$AA$8:AA13)+SUMIF($P$8:P13,N14,$AE$8:AE13),0),INT((Y14-Z14)/2)))) | AB14: =IF(N14="",0,MAX(0,INDEX(Houses!$G$2:$G$18,MATCH(N14,Houses!$A$2:$A$18,0))-IF(INDEX(Houses!$H$2:$H$18,MATCH(N14,Houses!$A$2:$A$18,0))=1,SUMIF($N$8:N13,N14,$AB$8:AB13)+SUMIF($P$8:P13,N14,$AF$8:AF13),0))) | AC14: =IF(P14="",0,IF(Q14="",8,INDEX(People!$E$2:$E$7,MATCH(Q14,People!$A$2:$A$7,0)))) | AD14: =IF(P14="",0,MAX(0,MIN(INDEX(Houses!$E$2:$E$18,MATCH(P14,Houses!$A$2:$A$18,0))-IF(INDEX(Houses!$H$2:$H$18,MATCH(P14,Houses!$A$2:$A$18,0))=1,SUMIF($P$8:P13,P14,$AD$8:AD13)+SUMIF($N$8:N13,P14,$Z$8:Z13)+IF(N14=P14,Z14,0),0),AC14))) | AE14: =IF(P14="",0,MAX(0,MIN(INDEX(Houses!$F$2:$F$18,MATCH(P14,Houses!$A$2:$A$18,0))-IF(INDEX(Houses!$H$2:$H$18,MATCH(P14,Houses!$A$2:$A$18,0))=1,SUMIF($P$8:P13,P14,$AE$8:AE13)+SUMIF($N$8:N13,P14,$AA$8:AA13)+IF(N14=P14,AA14,0),0),INT((AC14-AD14)/2)))) | AF14: =IF(P14="",0,MAX(0,INDEX(Houses!$G$2:$G$18,MATCH(P14,Houses!$A$2:$A$18,0))-IF(INDEX(Houses!$H$2:$H$18,MATCH(P14,Houses!$A$2:$A$18,0))=1,SUMIF($P$8:P13,P14,$AF$8:AF13)+SUMIF($N$8:N13,P14,$AB$8:AB13)+IF(N14=P14,AB14,0),0))) | AG14: =AG13+H14*Params!$B$24*F14-I14*Params!$B$25-J14*Params!$B$27 | AH14: =AH13+I14*Params!$B$25*Params!$B$26-K14*Params!$B$31-L14*Params!$B$33-M14*Params!$B$36+AA14+AE14 | AI14: =AI13+J14*Params!$B$27*Params!$B$28-X14*Params!$B$43*24 | AJ14: =AJ13-E14*Params!$B$22+Z14+AD14 | AK14: =AK13+AB14+AF14 | AL14: =MAX(0,AL13-M14) | AM14: =MAX(0,AT13-K14) | AN14: =AQ13+L14*Params!$B$35 | AO14: =IF(C14=0,0,INDEX(Nights!$B$2:$B$31,C14)) | AP14: =AO14*Params!$B$51*Params!$B$50 | AQ14: =MAX(0,AN14-AP14) | AR14: =INT((AS13+MAX(0,AP14-AN14))/Params!$B$30) | AS14: =(AS13+MAX(0,AP14-AN14))-AR14*Params!$B$30 | AT14: =AM14+AR14 | AU14: =IF(AND(AO14>0,OR(AM14+AL14>0,AR14>0)),"BREACH","") | AV14: =Params!$B$40+IF(AI14<0,0,X14)*Params!$B$41-(AM14+AL14)*Params!$B$42 | AW14: =MAX(0,MIN(100,AW13-IF(AV14<Params!$B$44,(Params!$B$44-AV14)*Params!$B$45,0)-IF(AJ14<0,Params!$B$54,0)-IF(AU14="BREACH",Params!$B$53,0)-IF(T14="DARK",Params!$B$55,0))) | AX14: =IF(AW14<=0,"DEAD",TRIM(IF(V14<0,"OVERWORK ","")&IF(W14<0,"NO-DAYLIGHT ","")&IF(AG14<0,"NO-LOGS ","")&IF(AH14<0,"NO-BOARDS ","")&IF(AI14<0,"NO-FUEL ","")&IF(AJ14<0,"HUNGER ","")&AU14&" "&IF(T14="DARK","DARK-TRIP ","")&IF(AV14<Params!$B$44,"COLD","")))
A15: 7 | B15: =IF(A15<=Params!$B$5,"prep","night") | C15: =MAX(0,A15-Params!$B$5) | D15: =IF(A15<=Params!$B$5,ROUND(Params!$B$7-(Params!$B$7-Params!$B$8)*(A15-1)/(Params!$B$5-1),1),0) | E15: =COUNTIFS(People!$F$2:$F$7,"<="&A15,People!$F$2:$F$7,">0") | F15: =IF(E15=0,1,SUMIFS(People!$C$2:$C$7,People!$F$2:$F$7,"<="&A15,People!$F$2:$F$7,">0")/E15) | G15: =E15*Params!$B$9 | H15: 9.6 | I15: 0 | J15: 1 | K15: 0 | L15: 0 | M15: 0 | R15: =IF(N15="",0,(2*INDEX(Houses!$D$2:$D$18,MATCH(N15,Houses!$A$2:$A$18,0))+Params!$B$57)/IF(O15="",1,INDEX(People!$D$2:$D$7,MATCH(O15,People!$A$2:$A$7,0)))) | S15: =IF(P15="",0,(2*INDEX(Houses!$D$2:$D$18,MATCH(P15,Houses!$A$2:$A$18,0))+Params!$B$57)/IF(Q15="",1,INDEX(People!$D$2:$D$7,MATCH(Q15,People!$A$2:$A$7,0)))) | T15: =IF(AND(N15="",P15=""),"",IF(MAX(R15,S15)<=D15,"ok","DARK")) | U15: =H15+I15+J15+K15*Params!$B$32+L15*Params!$B$34+M15*Params!$B$37+R15+S15 | V15: =G15-U15 | W15: =D15*E15-(H15+R15+S15) | X15: 1 | Y15: =IF(N15="",0,IF(O15="",8,INDEX(People!$E$2:$E$7,MATCH(O15,People!$A$2:$A$7,0)))) | Z15: =IF(N15="",0,MAX(0,MIN(INDEX(Houses!$E$2:$E$18,MATCH(N15,Houses!$A$2:$A$18,0))-IF(INDEX(Houses!$H$2:$H$18,MATCH(N15,Houses!$A$2:$A$18,0))=1,SUMIF($N$8:N14,N15,$Z$8:Z14)+SUMIF($P$8:P14,N15,$AD$8:AD14),0),Y15))) | AA15: =IF(N15="",0,MAX(0,MIN(INDEX(Houses!$F$2:$F$18,MATCH(N15,Houses!$A$2:$A$18,0))-IF(INDEX(Houses!$H$2:$H$18,MATCH(N15,Houses!$A$2:$A$18,0))=1,SUMIF($N$8:N14,N15,$AA$8:AA14)+SUMIF($P$8:P14,N15,$AE$8:AE14),0),INT((Y15-Z15)/2)))) | AB15: =IF(N15="",0,MAX(0,INDEX(Houses!$G$2:$G$18,MATCH(N15,Houses!$A$2:$A$18,0))-IF(INDEX(Houses!$H$2:$H$18,MATCH(N15,Houses!$A$2:$A$18,0))=1,SUMIF($N$8:N14,N15,$AB$8:AB14)+SUMIF($P$8:P14,N15,$AF$8:AF14),0))) | AC15: =IF(P15="",0,IF(Q15="",8,INDEX(People!$E$2:$E$7,MATCH(Q15,People!$A$2:$A$7,0)))) | AD15: =IF(P15="",0,MAX(0,MIN(INDEX(Houses!$E$2:$E$18,MATCH(P15,Houses!$A$2:$A$18,0))-IF(INDEX(Houses!$H$2:$H$18,MATCH(P15,Houses!$A$2:$A$18,0))=1,SUMIF($P$8:P14,P15,$AD$8:AD14)+SUMIF($N$8:N14,P15,$Z$8:Z14)+IF(N15=P15,Z15,0),0),AC15))) | AE15: =IF(P15="",0,MAX(0,MIN(INDEX(Houses!$F$2:$F$18,MATCH(P15,Houses!$A$2:$A$18,0))-IF(INDEX(Houses!$H$2:$H$18,MATCH(P15,Houses!$A$2:$A$18,0))=1,SUMIF($P$8:P14,P15,$AE$8:AE14)+SUMIF($N$8:N14,P15,$AA$8:AA14)+IF(N15=P15,AA15,0),0),INT((AC15-AD15)/2)))) | AF15: =IF(P15="",0,MAX(0,INDEX(Houses!$G$2:$G$18,MATCH(P15,Houses!$A$2:$A$18,0))-IF(INDEX(Houses!$H$2:$H$18,MATCH(P15,Houses!$A$2:$A$18,0))=1,SUMIF($P$8:P14,P15,$AF$8:AF14)+SUMIF($N$8:N14,P15,$AB$8:AB14)+IF(N15=P15,AB15,0),0))) | AG15: =AG14+H15*Params!$B$24*F15-I15*Params!$B$25-J15*Params!$B$27 | AH15: =AH14+I15*Params!$B$25*Params!$B$26-K15*Params!$B$31-L15*Params!$B$33-M15*Params!$B$36+AA15+AE15 | AI15: =AI14+J15*Params!$B$27*Params!$B$28-X15*Params!$B$43*24 | AJ15: =AJ14-E15*Params!$B$22+Z15+AD15 | AK15: =AK14+AB15+AF15 | AL15: =MAX(0,AL14-M15) | AM15: =MAX(0,AT14-K15) | AN15: =AQ14+L15*Params!$B$35 | AO15: =IF(C15=0,0,INDEX(Nights!$B$2:$B$31,C15)) | AP15: =AO15*Params!$B$51*Params!$B$50 | AQ15: =MAX(0,AN15-AP15) | AR15: =INT((AS14+MAX(0,AP15-AN15))/Params!$B$30) | AS15: =(AS14+MAX(0,AP15-AN15))-AR15*Params!$B$30 | AT15: =AM15+AR15 | AU15: =IF(AND(AO15>0,OR(AM15+AL15>0,AR15>0)),"BREACH","") | AV15: =Params!$B$40+IF(AI15<0,0,X15)*Params!$B$41-(AM15+AL15)*Params!$B$42 | AW15: =MAX(0,MIN(100,AW14-IF(AV15<Params!$B$44,(Params!$B$44-AV15)*Params!$B$45,0)-IF(AJ15<0,Params!$B$54,0)-IF(AU15="BREACH",Params!$B$53,0)-IF(T15="DARK",Params!$B$55,0))) | AX15: =IF(AW15<=0,"DEAD",TRIM(IF(V15<0,"OVERWORK ","")&IF(W15<0,"NO-DAYLIGHT ","")&IF(AG15<0,"NO-LOGS ","")&IF(AH15<0,"NO-BOARDS ","")&IF(AI15<0,"NO-FUEL ","")&IF(AJ15<0,"HUNGER ","")&AU15&" "&IF(T15="DARK","DARK-TRIP ","")&IF(AV15<Params!$B$44,"COLD","")))
A16: 8 | B16: =IF(A16<=Params!$B$5,"prep","night") | C16: =MAX(0,A16-Params!$B$5) | D16: =IF(A16<=Params!$B$5,ROUND(Params!$B$7-(Params!$B$7-Params!$B$8)*(A16-1)/(Params!$B$5-1),1),0) | E16: =COUNTIFS(People!$F$2:$F$7,"<="&A16,People!$F$2:$F$7,">0") | F16: =IF(E16=0,1,SUMIFS(People!$C$2:$C$7,People!$F$2:$F$7,"<="&A16,People!$F$2:$F$7,">0")/E16) | G16: =E16*Params!$B$9 | H16: 6.8 | I16: 0 | J16: 2 | K16: 0 | L16: 0 | M16: 0 | N16: R01 | O16: B | R16: =IF(N16="",0,(2*INDEX(Houses!$D$2:$D$18,MATCH(N16,Houses!$A$2:$A$18,0))+Params!$B$57)/IF(O16="",1,INDEX(People!$D$2:$D$7,MATCH(O16,People!$A$2:$A$7,0)))) | S16: =IF(P16="",0,(2*INDEX(Houses!$D$2:$D$18,MATCH(P16,Houses!$A$2:$A$18,0))+Params!$B$57)/IF(Q16="",1,INDEX(People!$D$2:$D$7,MATCH(Q16,People!$A$2:$A$7,0)))) | T16: =IF(AND(N16="",P16=""),"",IF(MAX(R16,S16)<=D16,"ok","DARK")) | U16: =H16+I16+J16+K16*Params!$B$32+L16*Params!$B$34+M16*Params!$B$37+R16+S16 | V16: =G16-U16 | W16: =D16*E16-(H16+R16+S16) | X16: 1 | Y16: =IF(N16="",0,IF(O16="",8,INDEX(People!$E$2:$E$7,MATCH(O16,People!$A$2:$A$7,0)))) | Z16: =IF(N16="",0,MAX(0,MIN(INDEX(Houses!$E$2:$E$18,MATCH(N16,Houses!$A$2:$A$18,0))-IF(INDEX(Houses!$H$2:$H$18,MATCH(N16,Houses!$A$2:$A$18,0))=1,SUMIF($N$8:N15,N16,$Z$8:Z15)+SUMIF($P$8:P15,N16,$AD$8:AD15),0),Y16))) | AA16: =IF(N16="",0,MAX(0,MIN(INDEX(Houses!$F$2:$F$18,MATCH(N16,Houses!$A$2:$A$18,0))-IF(INDEX(Houses!$H$2:$H$18,MATCH(N16,Houses!$A$2:$A$18,0))=1,SUMIF($N$8:N15,N16,$AA$8:AA15)+SUMIF($P$8:P15,N16,$AE$8:AE15),0),INT((Y16-Z16)/2)))) | AB16: =IF(N16="",0,MAX(0,INDEX(Houses!$G$2:$G$18,MATCH(N16,Houses!$A$2:$A$18,0))-IF(INDEX(Houses!$H$2:$H$18,MATCH(N16,Houses!$A$2:$A$18,0))=1,SUMIF($N$8:N15,N16,$AB$8:AB15)+SUMIF($P$8:P15,N16,$AF$8:AF15),0))) | AC16: =IF(P16="",0,IF(Q16="",8,INDEX(People!$E$2:$E$7,MATCH(Q16,People!$A$2:$A$7,0)))) | AD16: =IF(P16="",0,MAX(0,MIN(INDEX(Houses!$E$2:$E$18,MATCH(P16,Houses!$A$2:$A$18,0))-IF(INDEX(Houses!$H$2:$H$18,MATCH(P16,Houses!$A$2:$A$18,0))=1,SUMIF($P$8:P15,P16,$AD$8:AD15)+SUMIF($N$8:N15,P16,$Z$8:Z15)+IF(N16=P16,Z16,0),0),AC16))) | AE16: =IF(P16="",0,MAX(0,MIN(INDEX(Houses!$F$2:$F$18,MATCH(P16,Houses!$A$2:$A$18,0))-IF(INDEX(Houses!$H$2:$H$18,MATCH(P16,Houses!$A$2:$A$18,0))=1,SUMIF($P$8:P15,P16,$AE$8:AE15)+SUMIF($N$8:N15,P16,$AA$8:AA15)+IF(N16=P16,AA16,0),0),INT((AC16-AD16)/2)))) | AF16: =IF(P16="",0,MAX(0,INDEX(Houses!$G$2:$G$18,MATCH(P16,Houses!$A$2:$A$18,0))-IF(INDEX(Houses!$H$2:$H$18,MATCH(P16,Houses!$A$2:$A$18,0))=1,SUMIF($P$8:P15,P16,$AF$8:AF15)+SUMIF($N$8:N15,P16,$AB$8:AB15)+IF(N16=P16,AB16,0),0))) | AG16: =AG15+H16*Params!$B$24*F16-I16*Params!$B$25-J16*Params!$B$27 | AH16: =AH15+I16*Params!$B$25*Params!$B$26-K16*Params!$B$31-L16*Params!$B$33-M16*Params!$B$36+AA16+AE16 | AI16: =AI15+J16*Params!$B$27*Params!$B$28-X16*Params!$B$43*24 | AJ16: =AJ15-E16*Params!$B$22+Z16+AD16 | AK16: =AK15+AB16+AF16 | AL16: =MAX(0,AL15-M16) | AM16: =MAX(0,AT15-K16) | AN16: =AQ15+L16*Params!$B$35 | AO16: =IF(C16=0,0,INDEX(Nights!$B$2:$B$31,C16)) | AP16: =AO16*Params!$B$51*Params!$B$50 | AQ16: =MAX(0,AN16-AP16) | AR16: =INT((AS15+MAX(0,AP16-AN16))/Params!$B$30) | AS16: =(AS15+MAX(0,AP16-AN16))-AR16*Params!$B$30 | AT16: =AM16+AR16 | AU16: =IF(AND(AO16>0,OR(AM16+AL16>0,AR16>0)),"BREACH","") | AV16: =Params!$B$40+IF(AI16<0,0,X16)*Params!$B$41-(AM16+AL16)*Params!$B$42 | AW16: =MAX(0,MIN(100,AW15-IF(AV16<Params!$B$44,(Params!$B$44-AV16)*Params!$B$45,0)-IF(AJ16<0,Params!$B$54,0)-IF(AU16="BREACH",Params!$B$53,0)-IF(T16="DARK",Params!$B$55,0))) | AX16: =IF(AW16<=0,"DEAD",TRIM(IF(V16<0,"OVERWORK ","")&IF(W16<0,"NO-DAYLIGHT ","")&IF(AG16<0,"NO-LOGS ","")&IF(AH16<0,"NO-BOARDS ","")&IF(AI16<0,"NO-FUEL ","")&IF(AJ16<0,"HUNGER ","")&AU16&" "&IF(T16="DARK","DARK-TRIP ","")&IF(AV16<Params!$B$44,"COLD","")))
A17: 9 | B17: =IF(A17<=Params!$B$5,"prep","night") | C17: =MAX(0,A17-Params!$B$5) | D17: =IF(A17<=Params!$B$5,ROUND(Params!$B$7-(Params!$B$7-Params!$B$8)*(A17-1)/(Params!$B$5-1),1),0) | E17: =COUNTIFS(People!$F$2:$F$7,"<="&A17,People!$F$2:$F$7,">0") | F17: =IF(E17=0,1,SUMIFS(People!$C$2:$C$7,People!$F$2:$F$7,"<="&A17,People!$F$2:$F$7,">0")/E17) | G17: =E17*Params!$B$9 | H17: 7.4 | I17: 0 | J17: 1 | K17: 0 | L17: 0 | M17: 0 | R17: =IF(N17="",0,(2*INDEX(Houses!$D$2:$D$18,MATCH(N17,Houses!$A$2:$A$18,0))+Params!$B$57)/IF(O17="",1,INDEX(People!$D$2:$D$7,MATCH(O17,People!$A$2:$A$7,0)))) | S17: =IF(P17="",0,(2*INDEX(Houses!$D$2:$D$18,MATCH(P17,Houses!$A$2:$A$18,0))+Params!$B$57)/IF(Q17="",1,INDEX(People!$D$2:$D$7,MATCH(Q17,People!$A$2:$A$7,0)))) | T17: =IF(AND(N17="",P17=""),"",IF(MAX(R17,S17)<=D17,"ok","DARK")) | U17: =H17+I17+J17+K17*Params!$B$32+L17*Params!$B$34+M17*Params!$B$37+R17+S17 | V17: =G17-U17 | W17: =D17*E17-(H17+R17+S17) | X17: 1 | Y17: =IF(N17="",0,IF(O17="",8,INDEX(People!$E$2:$E$7,MATCH(O17,People!$A$2:$A$7,0)))) | Z17: =IF(N17="",0,MAX(0,MIN(INDEX(Houses!$E$2:$E$18,MATCH(N17,Houses!$A$2:$A$18,0))-IF(INDEX(Houses!$H$2:$H$18,MATCH(N17,Houses!$A$2:$A$18,0))=1,SUMIF($N$8:N16,N17,$Z$8:Z16)+SUMIF($P$8:P16,N17,$AD$8:AD16),0),Y17))) | AA17: =IF(N17="",0,MAX(0,MIN(INDEX(Houses!$F$2:$F$18,MATCH(N17,Houses!$A$2:$A$18,0))-IF(INDEX(Houses!$H$2:$H$18,MATCH(N17,Houses!$A$2:$A$18,0))=1,SUMIF($N$8:N16,N17,$AA$8:AA16)+SUMIF($P$8:P16,N17,$AE$8:AE16),0),INT((Y17-Z17)/2)))) | AB17: =IF(N17="",0,MAX(0,INDEX(Houses!$G$2:$G$18,MATCH(N17,Houses!$A$2:$A$18,0))-IF(INDEX(Houses!$H$2:$H$18,MATCH(N17,Houses!$A$2:$A$18,0))=1,SUMIF($N$8:N16,N17,$AB$8:AB16)+SUMIF($P$8:P16,N17,$AF$8:AF16),0))) | AC17: =IF(P17="",0,IF(Q17="",8,INDEX(People!$E$2:$E$7,MATCH(Q17,People!$A$2:$A$7,0)))) | AD17: =IF(P17="",0,MAX(0,MIN(INDEX(Houses!$E$2:$E$18,MATCH(P17,Houses!$A$2:$A$18,0))-IF(INDEX(Houses!$H$2:$H$18,MATCH(P17,Houses!$A$2:$A$18,0))=1,SUMIF($P$8:P16,P17,$AD$8:AD16)+SUMIF($N$8:N16,P17,$Z$8:Z16)+IF(N17=P17,Z17,0),0),AC17))) | AE17: =IF(P17="",0,MAX(0,MIN(INDEX(Houses!$F$2:$F$18,MATCH(P17,Houses!$A$2:$A$18,0))-IF(INDEX(Houses!$H$2:$H$18,MATCH(P17,Houses!$A$2:$A$18,0))=1,SUMIF($P$8:P16,P17,$AE$8:AE16)+SUMIF($N$8:N16,P17,$AA$8:AA16)+IF(N17=P17,AA17,0),0),INT((AC17-AD17)/2)))) | AF17: =IF(P17="",0,MAX(0,INDEX(Houses!$G$2:$G$18,MATCH(P17,Houses!$A$2:$A$18,0))-IF(INDEX(Houses!$H$2:$H$18,MATCH(P17,Houses!$A$2:$A$18,0))=1,SUMIF($P$8:P16,P17,$AF$8:AF16)+SUMIF($N$8:N16,P17,$AB$8:AB16)+IF(N17=P17,AB17,0),0))) | AG17: =AG16+H17*Params!$B$24*F17-I17*Params!$B$25-J17*Params!$B$27 | AH17: =AH16+I17*Params!$B$25*Params!$B$26-K17*Params!$B$31-L17*Params!$B$33-M17*Params!$B$36+AA17+AE17 | AI17: =AI16+J17*Params!$B$27*Params!$B$28-X17*Params!$B$43*24 | AJ17: =AJ16-E17*Params!$B$22+Z17+AD17 | AK17: =AK16+AB17+AF17 | AL17: =MAX(0,AL16-M17) | AM17: =MAX(0,AT16-K17) | AN17: =AQ16+L17*Params!$B$35 | AO17: =IF(C17=0,0,INDEX(Nights!$B$2:$B$31,C17)) | AP17: =AO17*Params!$B$51*Params!$B$50 | AQ17: =MAX(0,AN17-AP17) | AR17: =INT((AS16+MAX(0,AP17-AN17))/Params!$B$30) | AS17: =(AS16+MAX(0,AP17-AN17))-AR17*Params!$B$30 | AT17: =AM17+AR17 | AU17: =IF(AND(AO17>0,OR(AM17+AL17>0,AR17>0)),"BREACH","") | AV17: =Params!$B$40+IF(AI17<0,0,X17)*Params!$B$41-(AM17+AL17)*Params!$B$42 | AW17: =MAX(0,MIN(100,AW16-IF(AV17<Params!$B$44,(Params!$B$44-AV17)*Params!$B$45,0)-IF(AJ17<0,Params!$B$54,0)-IF(AU17="BREACH",Params!$B$53,0)-IF(T17="DARK",Params!$B$55,0))) | AX17: =IF(AW17<=0,"DEAD",TRIM(IF(V17<0,"OVERWORK ","")&IF(W17<0,"NO-DAYLIGHT ","")&IF(AG17<0,"NO-LOGS ","")&IF(AH17<0,"NO-BOARDS ","")&IF(AI17<0,"NO-FUEL ","")&IF(AJ17<0,"HUNGER ","")&AU17&" "&IF(T17="DARK","DARK-TRIP ","")&IF(AV17<Params!$B$44,"COLD","")))
A18: 10 | B18: =IF(A18<=Params!$B$5,"prep","night") | C18: =MAX(0,A18-Params!$B$5) | D18: =IF(A18<=Params!$B$5,ROUND(Params!$B$7-(Params!$B$7-Params!$B$8)*(A18-1)/(Params!$B$5-1),1),0) | E18: =COUNTIFS(People!$F$2:$F$7,"<="&A18,People!$F$2:$F$7,">0") | F18: =IF(E18=0,1,SUMIFS(People!$C$2:$C$7,People!$F$2:$F$7,"<="&A18,People!$F$2:$F$7,">0")/E18) | G18: =E18*Params!$B$9 | H18: 4.8 | I18: 0 | J18: 1 | K18: 0 | L18: 0 | M18: 0 | N18: R02 | O18: B | R18: =IF(N18="",0,(2*INDEX(Houses!$D$2:$D$18,MATCH(N18,Houses!$A$2:$A$18,0))+Params!$B$57)/IF(O18="",1,INDEX(People!$D$2:$D$7,MATCH(O18,People!$A$2:$A$7,0)))) | S18: =IF(P18="",0,(2*INDEX(Houses!$D$2:$D$18,MATCH(P18,Houses!$A$2:$A$18,0))+Params!$B$57)/IF(Q18="",1,INDEX(People!$D$2:$D$7,MATCH(Q18,People!$A$2:$A$7,0)))) | T18: =IF(AND(N18="",P18=""),"",IF(MAX(R18,S18)<=D18,"ok","DARK")) | U18: =H18+I18+J18+K18*Params!$B$32+L18*Params!$B$34+M18*Params!$B$37+R18+S18 | V18: =G18-U18 | W18: =D18*E18-(H18+R18+S18) | X18: 1 | Y18: =IF(N18="",0,IF(O18="",8,INDEX(People!$E$2:$E$7,MATCH(O18,People!$A$2:$A$7,0)))) | Z18: =IF(N18="",0,MAX(0,MIN(INDEX(Houses!$E$2:$E$18,MATCH(N18,Houses!$A$2:$A$18,0))-IF(INDEX(Houses!$H$2:$H$18,MATCH(N18,Houses!$A$2:$A$18,0))=1,SUMIF($N$8:N17,N18,$Z$8:Z17)+SUMIF($P$8:P17,N18,$AD$8:AD17),0),Y18))) | AA18: =IF(N18="",0,MAX(0,MIN(INDEX(Houses!$F$2:$F$18,MATCH(N18,Houses!$A$2:$A$18,0))-IF(INDEX(Houses!$H$2:$H$18,MATCH(N18,Houses!$A$2:$A$18,0))=1,SUMIF($N$8:N17,N18,$AA$8:AA17)+SUMIF($P$8:P17,N18,$AE$8:AE17),0),INT((Y18-Z18)/2)))) | AB18: =IF(N18="",0,MAX(0,INDEX(Houses!$G$2:$G$18,MATCH(N18,Houses!$A$2:$A$18,0))-IF(INDEX(Houses!$H$2:$H$18,MATCH(N18,Houses!$A$2:$A$18,0))=1,SUMIF($N$8:N17,N18,$AB$8:AB17)+SUMIF($P$8:P17,N18,$AF$8:AF17),0))) | AC18: =IF(P18="",0,IF(Q18="",8,INDEX(People!$E$2:$E$7,MATCH(Q18,People!$A$2:$A$7,0)))) | AD18: =IF(P18="",0,MAX(0,MIN(INDEX(Houses!$E$2:$E$18,MATCH(P18,Houses!$A$2:$A$18,0))-IF(INDEX(Houses!$H$2:$H$18,MATCH(P18,Houses!$A$2:$A$18,0))=1,SUMIF($P$8:P17,P18,$AD$8:AD17)+SUMIF($N$8:N17,P18,$Z$8:Z17)+IF(N18=P18,Z18,0),0),AC18))) | AE18: =IF(P18="",0,MAX(0,MIN(INDEX(Houses!$F$2:$F$18,MATCH(P18,Houses!$A$2:$A$18,0))-IF(INDEX(Houses!$H$2:$H$18,MATCH(P18,Houses!$A$2:$A$18,0))=1,SUMIF($P$8:P17,P18,$AE$8:AE17)+SUMIF($N$8:N17,P18,$AA$8:AA17)+IF(N18=P18,AA18,0),0),INT((AC18-AD18)/2)))) | AF18: =IF(P18="",0,MAX(0,INDEX(Houses!$G$2:$G$18,MATCH(P18,Houses!$A$2:$A$18,0))-IF(INDEX(Houses!$H$2:$H$18,MATCH(P18,Houses!$A$2:$A$18,0))=1,SUMIF($P$8:P17,P18,$AF$8:AF17)+SUMIF($N$8:N17,P18,$AB$8:AB17)+IF(N18=P18,AB18,0),0))) | AG18: =AG17+H18*Params!$B$24*F18-I18*Params!$B$25-J18*Params!$B$27 | AH18: =AH17+I18*Params!$B$25*Params!$B$26-K18*Params!$B$31-L18*Params!$B$33-M18*Params!$B$36+AA18+AE18 | AI18: =AI17+J18*Params!$B$27*Params!$B$28-X18*Params!$B$43*24 | AJ18: =AJ17-E18*Params!$B$22+Z18+AD18 | AK18: =AK17+AB18+AF18 | AL18: =MAX(0,AL17-M18) | AM18: =MAX(0,AT17-K18) | AN18: =AQ17+L18*Params!$B$35 | AO18: =IF(C18=0,0,INDEX(Nights!$B$2:$B$31,C18)) | AP18: =AO18*Params!$B$51*Params!$B$50 | AQ18: =MAX(0,AN18-AP18) | AR18: =INT((AS17+MAX(0,AP18-AN18))/Params!$B$30) | AS18: =(AS17+MAX(0,AP18-AN18))-AR18*Params!$B$30 | AT18: =AM18+AR18 | AU18: =IF(AND(AO18>0,OR(AM18+AL18>0,AR18>0)),"BREACH","") | AV18: =Params!$B$40+IF(AI18<0,0,X18)*Params!$B$41-(AM18+AL18)*Params!$B$42 | AW18: =MAX(0,MIN(100,AW17-IF(AV18<Params!$B$44,(Params!$B$44-AV18)*Params!$B$45,0)-IF(AJ18<0,Params!$B$54,0)-IF(AU18="BREACH",Params!$B$53,0)-IF(T18="DARK",Params!$B$55,0))) | AX18: =IF(AW18<=0,"DEAD",TRIM(IF(V18<0,"OVERWORK ","")&IF(W18<0,"NO-DAYLIGHT ","")&IF(AG18<0,"NO-LOGS ","")&IF(AH18<0,"NO-BOARDS ","")&IF(AI18<0,"NO-FUEL ","")&IF(AJ18<0,"HUNGER ","")&AU18&" "&IF(T18="DARK","DARK-TRIP ","")&IF(AV18<Params!$B$44,"COLD","")))
A19: 11 | B19: =IF(A19<=Params!$B$5,"prep","night") | C19: =MAX(0,A19-Params!$B$5) | D19: =IF(A19<=Params!$B$5,ROUND(Params!$B$7-(Params!$B$7-Params!$B$8)*(A19-1)/(Params!$B$5-1),1),0) | E19: =COUNTIFS(People!$F$2:$F$7,"<="&A19,People!$F$2:$F$7,">0") | F19: =IF(E19=0,1,SUMIFS(People!$C$2:$C$7,People!$F$2:$F$7,"<="&A19,People!$F$2:$F$7,">0")/E19) | G19: =E19*Params!$B$9 | H19: 5.2 | I19: 0 | J19: 2 | K19: 0 | L19: 0 | M19: 0 | R19: =IF(N19="",0,(2*INDEX(Houses!$D$2:$D$18,MATCH(N19,Houses!$A$2:$A$18,0))+Params!$B$57)/IF(O19="",1,INDEX(People!$D$2:$D$7,MATCH(O19,People!$A$2:$A$7,0)))) | S19: =IF(P19="",0,(2*INDEX(Houses!$D$2:$D$18,MATCH(P19,Houses!$A$2:$A$18,0))+Params!$B$57)/IF(Q19="",1,INDEX(People!$D$2:$D$7,MATCH(Q19,People!$A$2:$A$7,0)))) | T19: =IF(AND(N19="",P19=""),"",IF(MAX(R19,S19)<=D19,"ok","DARK")) | U19: =H19+I19+J19+K19*Params!$B$32+L19*Params!$B$34+M19*Params!$B$37+R19+S19 | V19: =G19-U19 | W19: =D19*E19-(H19+R19+S19) | X19: 1 | Y19: =IF(N19="",0,IF(O19="",8,INDEX(People!$E$2:$E$7,MATCH(O19,People!$A$2:$A$7,0)))) | Z19: =IF(N19="",0,MAX(0,MIN(INDEX(Houses!$E$2:$E$18,MATCH(N19,Houses!$A$2:$A$18,0))-IF(INDEX(Houses!$H$2:$H$18,MATCH(N19,Houses!$A$2:$A$18,0))=1,SUMIF($N$8:N18,N19,$Z$8:Z18)+SUMIF($P$8:P18,N19,$AD$8:AD18),0),Y19))) | AA19: =IF(N19="",0,MAX(0,MIN(INDEX(Houses!$F$2:$F$18,MATCH(N19,Houses!$A$2:$A$18,0))-IF(INDEX(Houses!$H$2:$H$18,MATCH(N19,Houses!$A$2:$A$18,0))=1,SUMIF($N$8:N18,N19,$AA$8:AA18)+SUMIF($P$8:P18,N19,$AE$8:AE18),0),INT((Y19-Z19)/2)))) | AB19: =IF(N19="",0,MAX(0,INDEX(Houses!$G$2:$G$18,MATCH(N19,Houses!$A$2:$A$18,0))-IF(INDEX(Houses!$H$2:$H$18,MATCH(N19,Houses!$A$2:$A$18,0))=1,SUMIF($N$8:N18,N19,$AB$8:AB18)+SUMIF($P$8:P18,N19,$AF$8:AF18),0))) | AC19: =IF(P19="",0,IF(Q19="",8,INDEX(People!$E$2:$E$7,MATCH(Q19,People!$A$2:$A$7,0)))) | AD19: =IF(P19="",0,MAX(0,MIN(INDEX(Houses!$E$2:$E$18,MATCH(P19,Houses!$A$2:$A$18,0))-IF(INDEX(Houses!$H$2:$H$18,MATCH(P19,Houses!$A$2:$A$18,0))=1,SUMIF($P$8:P18,P19,$AD$8:AD18)+SUMIF($N$8:N18,P19,$Z$8:Z18)+IF(N19=P19,Z19,0),0),AC19))) | AE19: =IF(P19="",0,MAX(0,MIN(INDEX(Houses!$F$2:$F$18,MATCH(P19,Houses!$A$2:$A$18,0))-IF(INDEX(Houses!$H$2:$H$18,MATCH(P19,Houses!$A$2:$A$18,0))=1,SUMIF($P$8:P18,P19,$AE$8:AE18)+SUMIF($N$8:N18,P19,$AA$8:AA18)+IF(N19=P19,AA19,0),0),INT((AC19-AD19)/2)))) | AF19: =IF(P19="",0,MAX(0,INDEX(Houses!$G$2:$G$18,MATCH(P19,Houses!$A$2:$A$18,0))-IF(INDEX(Houses!$H$2:$H$18,MATCH(P19,Houses!$A$2:$A$18,0))=1,SUMIF($P$8:P18,P19,$AF$8:AF18)+SUMIF($N$8:N18,P19,$AB$8:AB18)+IF(N19=P19,AB19,0),0))) | AG19: =AG18+H19*Params!$B$24*F19-I19*Params!$B$25-J19*Params!$B$27 | AH19: =AH18+I19*Params!$B$25*Params!$B$26-K19*Params!$B$31-L19*Params!$B$33-M19*Params!$B$36+AA19+AE19 | AI19: =AI18+J19*Params!$B$27*Params!$B$28-X19*Params!$B$43*24 | AJ19: =AJ18-E19*Params!$B$22+Z19+AD19 | AK19: =AK18+AB19+AF19 | AL19: =MAX(0,AL18-M19) | AM19: =MAX(0,AT18-K19) | AN19: =AQ18+L19*Params!$B$35 | AO19: =IF(C19=0,0,INDEX(Nights!$B$2:$B$31,C19)) | AP19: =AO19*Params!$B$51*Params!$B$50 | AQ19: =MAX(0,AN19-AP19) | AR19: =INT((AS18+MAX(0,AP19-AN19))/Params!$B$30) | AS19: =(AS18+MAX(0,AP19-AN19))-AR19*Params!$B$30 | AT19: =AM19+AR19 | AU19: =IF(AND(AO19>0,OR(AM19+AL19>0,AR19>0)),"BREACH","") | AV19: =Params!$B$40+IF(AI19<0,0,X19)*Params!$B$41-(AM19+AL19)*Params!$B$42 | AW19: =MAX(0,MIN(100,AW18-IF(AV19<Params!$B$44,(Params!$B$44-AV19)*Params!$B$45,0)-IF(AJ19<0,Params!$B$54,0)-IF(AU19="BREACH",Params!$B$53,0)-IF(T19="DARK",Params!$B$55,0))) | AX19: =IF(AW19<=0,"DEAD",TRIM(IF(V19<0,"OVERWORK ","")&IF(W19<0,"NO-DAYLIGHT ","")&IF(AG19<0,"NO-LOGS ","")&IF(AH19<0,"NO-BOARDS ","")&IF(AI19<0,"NO-FUEL ","")&IF(AJ19<0,"HUNGER ","")&AU19&" "&IF(T19="DARK","DARK-TRIP ","")&IF(AV19<Params!$B$44,"COLD","")))
A20: 12 | B20: =IF(A20<=Params!$B$5,"prep","night") | C20: =MAX(0,A20-Params!$B$5) | D20: =IF(A20<=Params!$B$5,ROUND(Params!$B$7-(Params!$B$7-Params!$B$8)*(A20-1)/(Params!$B$5-1),1),0) | E20: =COUNTIFS(People!$F$2:$F$7,"<="&A20,People!$F$2:$F$7,">0") | F20: =IF(E20=0,1,SUMIFS(People!$C$2:$C$7,People!$F$2:$F$7,"<="&A20,People!$F$2:$F$7,">0")/E20) | G20: =E20*Params!$B$9 | H20: 4.2 | I20: 0 | J20: 1 | K20: 0 | L20: 0 | M20: 0 | R20: =IF(N20="",0,(2*INDEX(Houses!$D$2:$D$18,MATCH(N20,Houses!$A$2:$A$18,0))+Params!$B$57)/IF(O20="",1,INDEX(People!$D$2:$D$7,MATCH(O20,People!$A$2:$A$7,0)))) | S20: =IF(P20="",0,(2*INDEX(Houses!$D$2:$D$18,MATCH(P20,Houses!$A$2:$A$18,0))+Params!$B$57)/IF(Q20="",1,INDEX(People!$D$2:$D$7,MATCH(Q20,People!$A$2:$A$7,0)))) | T20: =IF(AND(N20="",P20=""),"",IF(MAX(R20,S20)<=D20,"ok","DARK")) | U20: =H20+I20+J20+K20*Params!$B$32+L20*Params!$B$34+M20*Params!$B$37+R20+S20 | V20: =G20-U20 | W20: =D20*E20-(H20+R20+S20) | X20: 1 | Y20: =IF(N20="",0,IF(O20="",8,INDEX(People!$E$2:$E$7,MATCH(O20,People!$A$2:$A$7,0)))) | Z20: =IF(N20="",0,MAX(0,MIN(INDEX(Houses!$E$2:$E$18,MATCH(N20,Houses!$A$2:$A$18,0))-IF(INDEX(Houses!$H$2:$H$18,MATCH(N20,Houses!$A$2:$A$18,0))=1,SUMIF($N$8:N19,N20,$Z$8:Z19)+SUMIF($P$8:P19,N20,$AD$8:AD19),0),Y20))) | AA20: =IF(N20="",0,MAX(0,MIN(INDEX(Houses!$F$2:$F$18,MATCH(N20,Houses!$A$2:$A$18,0))-IF(INDEX(Houses!$H$2:$H$18,MATCH(N20,Houses!$A$2:$A$18,0))=1,SUMIF($N$8:N19,N20,$AA$8:AA19)+SUMIF($P$8:P19,N20,$AE$8:AE19),0),INT((Y20-Z20)/2)))) | AB20: =IF(N20="",0,MAX(0,INDEX(Houses!$G$2:$G$18,MATCH(N20,Houses!$A$2:$A$18,0))-IF(INDEX(Houses!$H$2:$H$18,MATCH(N20,Houses!$A$2:$A$18,0))=1,SUMIF($N$8:N19,N20,$AB$8:AB19)+SUMIF($P$8:P19,N20,$AF$8:AF19),0))) | AC20: =IF(P20="",0,IF(Q20="",8,INDEX(People!$E$2:$E$7,MATCH(Q20,People!$A$2:$A$7,0)))) | AD20: =IF(P20="",0,MAX(0,MIN(INDEX(Houses!$E$2:$E$18,MATCH(P20,Houses!$A$2:$A$18,0))-IF(INDEX(Houses!$H$2:$H$18,MATCH(P20,Houses!$A$2:$A$18,0))=1,SUMIF($P$8:P19,P20,$AD$8:AD19)+SUMIF($N$8:N19,P20,$Z$8:Z19)+IF(N20=P20,Z20,0),0),AC20))) | AE20: =IF(P20="",0,MAX(0,MIN(INDEX(Houses!$F$2:$F$18,MATCH(P20,Houses!$A$2:$A$18,0))-IF(INDEX(Houses!$H$2:$H$18,MATCH(P20,Houses!$A$2:$A$18,0))=1,SUMIF($P$8:P19,P20,$AE$8:AE19)+SUMIF($N$8:N19,P20,$AA$8:AA19)+IF(N20=P20,AA20,0),0),INT((AC20-AD20)/2)))) | AF20: =IF(P20="",0,MAX(0,INDEX(Houses!$G$2:$G$18,MATCH(P20,Houses!$A$2:$A$18,0))-IF(INDEX(Houses!$H$2:$H$18,MATCH(P20,Houses!$A$2:$A$18,0))=1,SUMIF($P$8:P19,P20,$AF$8:AF19)+SUMIF($N$8:N19,P20,$AB$8:AB19)+IF(N20=P20,AB20,0),0))) | AG20: =AG19+H20*Params!$B$24*F20-I20*Params!$B$25-J20*Params!$B$27 | AH20: =AH19+I20*Params!$B$25*Params!$B$26-K20*Params!$B$31-L20*Params!$B$33-M20*Params!$B$36+AA20+AE20 | AI20: =AI19+J20*Params!$B$27*Params!$B$28-X20*Params!$B$43*24 | AJ20: =AJ19-E20*Params!$B$22+Z20+AD20 | AK20: =AK19+AB20+AF20 | AL20: =MAX(0,AL19-M20) | AM20: =MAX(0,AT19-K20) | AN20: =AQ19+L20*Params!$B$35 | AO20: =IF(C20=0,0,INDEX(Nights!$B$2:$B$31,C20)) | AP20: =AO20*Params!$B$51*Params!$B$50 | AQ20: =MAX(0,AN20-AP20) | AR20: =INT((AS19+MAX(0,AP20-AN20))/Params!$B$30) | AS20: =(AS19+MAX(0,AP20-AN20))-AR20*Params!$B$30 | AT20: =AM20+AR20 | AU20: =IF(AND(AO20>0,OR(AM20+AL20>0,AR20>0)),"BREACH","") | AV20: =Params!$B$40+IF(AI20<0,0,X20)*Params!$B$41-(AM20+AL20)*Params!$B$42 | AW20: =MAX(0,MIN(100,AW19-IF(AV20<Params!$B$44,(Params!$B$44-AV20)*Params!$B$45,0)-IF(AJ20<0,Params!$B$54,0)-IF(AU20="BREACH",Params!$B$53,0)-IF(T20="DARK",Params!$B$55,0))) | AX20: =IF(AW20<=0,"DEAD",TRIM(IF(V20<0,"OVERWORK ","")&IF(W20<0,"NO-DAYLIGHT ","")&IF(AG20<0,"NO-LOGS ","")&IF(AH20<0,"NO-BOARDS ","")&IF(AI20<0,"NO-FUEL ","")&IF(AJ20<0,"HUNGER ","")&AU20&" "&IF(T20="DARK","DARK-TRIP ","")&IF(AV20<Params!$B$44,"COLD","")))
A21: 13 | B21: =IF(A21<=Params!$B$5,"prep","night") | C21: =MAX(0,A21-Params!$B$5) | D21: =IF(A21<=Params!$B$5,ROUND(Params!$B$7-(Params!$B$7-Params!$B$8)*(A21-1)/(Params!$B$5-1),1),0) | E21: =COUNTIFS(People!$F$2:$F$7,"<="&A21,People!$F$2:$F$7,">0") | F21: =IF(E21=0,1,SUMIFS(People!$C$2:$C$7,People!$F$2:$F$7,"<="&A21,People!$F$2:$F$7,">0")/E21) | G21: =E21*Params!$B$9 | H21: 3 | I21: 0 | J21: 1 | K21: 0 | L21: 0 | M21: 0 | R21: =IF(N21="",0,(2*INDEX(Houses!$D$2:$D$18,MATCH(N21,Houses!$A$2:$A$18,0))+Params!$B$57)/IF(O21="",1,INDEX(People!$D$2:$D$7,MATCH(O21,People!$A$2:$A$7,0)))) | S21: =IF(P21="",0,(2*INDEX(Houses!$D$2:$D$18,MATCH(P21,Houses!$A$2:$A$18,0))+Params!$B$57)/IF(Q21="",1,INDEX(People!$D$2:$D$7,MATCH(Q21,People!$A$2:$A$7,0)))) | T21: =IF(AND(N21="",P21=""),"",IF(MAX(R21,S21)<=D21,"ok","DARK")) | U21: =H21+I21+J21+K21*Params!$B$32+L21*Params!$B$34+M21*Params!$B$37+R21+S21 | V21: =G21-U21 | W21: =D21*E21-(H21+R21+S21) | X21: 1 | Y21: =IF(N21="",0,IF(O21="",8,INDEX(People!$E$2:$E$7,MATCH(O21,People!$A$2:$A$7,0)))) | Z21: =IF(N21="",0,MAX(0,MIN(INDEX(Houses!$E$2:$E$18,MATCH(N21,Houses!$A$2:$A$18,0))-IF(INDEX(Houses!$H$2:$H$18,MATCH(N21,Houses!$A$2:$A$18,0))=1,SUMIF($N$8:N20,N21,$Z$8:Z20)+SUMIF($P$8:P20,N21,$AD$8:AD20),0),Y21))) | AA21: =IF(N21="",0,MAX(0,MIN(INDEX(Houses!$F$2:$F$18,MATCH(N21,Houses!$A$2:$A$18,0))-IF(INDEX(Houses!$H$2:$H$18,MATCH(N21,Houses!$A$2:$A$18,0))=1,SUMIF($N$8:N20,N21,$AA$8:AA20)+SUMIF($P$8:P20,N21,$AE$8:AE20),0),INT((Y21-Z21)/2)))) | AB21: =IF(N21="",0,MAX(0,INDEX(Houses!$G$2:$G$18,MATCH(N21,Houses!$A$2:$A$18,0))-IF(INDEX(Houses!$H$2:$H$18,MATCH(N21,Houses!$A$2:$A$18,0))=1,SUMIF($N$8:N20,N21,$AB$8:AB20)+SUMIF($P$8:P20,N21,$AF$8:AF20),0))) | AC21: =IF(P21="",0,IF(Q21="",8,INDEX(People!$E$2:$E$7,MATCH(Q21,People!$A$2:$A$7,0)))) | AD21: =IF(P21="",0,MAX(0,MIN(INDEX(Houses!$E$2:$E$18,MATCH(P21,Houses!$A$2:$A$18,0))-IF(INDEX(Houses!$H$2:$H$18,MATCH(P21,Houses!$A$2:$A$18,0))=1,SUMIF($P$8:P20,P21,$AD$8:AD20)+SUMIF($N$8:N20,P21,$Z$8:Z20)+IF(N21=P21,Z21,0),0),AC21))) | AE21: =IF(P21="",0,MAX(0,MIN(INDEX(Houses!$F$2:$F$18,MATCH(P21,Houses!$A$2:$A$18,0))-IF(INDEX(Houses!$H$2:$H$18,MATCH(P21,Houses!$A$2:$A$18,0))=1,SUMIF($P$8:P20,P21,$AE$8:AE20)+SUMIF($N$8:N20,P21,$AA$8:AA20)+IF(N21=P21,AA21,0),0),INT((AC21-AD21)/2)))) | AF21: =IF(P21="",0,MAX(0,INDEX(Houses!$G$2:$G$18,MATCH(P21,Houses!$A$2:$A$18,0))-IF(INDEX(Houses!$H$2:$H$18,MATCH(P21,Houses!$A$2:$A$18,0))=1,SUMIF($P$8:P20,P21,$AF$8:AF20)+SUMIF($N$8:N20,P21,$AB$8:AB20)+IF(N21=P21,AB21,0),0))) | AG21: =AG20+H21*Params!$B$24*F21-I21*Params!$B$25-J21*Params!$B$27 | AH21: =AH20+I21*Params!$B$25*Params!$B$26-K21*Params!$B$31-L21*Params!$B$33-M21*Params!$B$36+AA21+AE21 | AI21: =AI20+J21*Params!$B$27*Params!$B$28-X21*Params!$B$43*24 | AJ21: =AJ20-E21*Params!$B$22+Z21+AD21 | AK21: =AK20+AB21+AF21 | AL21: =MAX(0,AL20-M21) | AM21: =MAX(0,AT20-K21) | AN21: =AQ20+L21*Params!$B$35 | AO21: =IF(C21=0,0,INDEX(Nights!$B$2:$B$31,C21)) | AP21: =AO21*Params!$B$51*Params!$B$50 | AQ21: =MAX(0,AN21-AP21) | AR21: =INT((AS20+MAX(0,AP21-AN21))/Params!$B$30) | AS21: =(AS20+MAX(0,AP21-AN21))-AR21*Params!$B$30 | AT21: =AM21+AR21 | AU21: =IF(AND(AO21>0,OR(AM21+AL21>0,AR21>0)),"BREACH","") | AV21: =Params!$B$40+IF(AI21<0,0,X21)*Params!$B$41-(AM21+AL21)*Params!$B$42 | AW21: =MAX(0,MIN(100,AW20-IF(AV21<Params!$B$44,(Params!$B$44-AV21)*Params!$B$45,0)-IF(AJ21<0,Params!$B$54,0)-IF(AU21="BREACH",Params!$B$53,0)-IF(T21="DARK",Params!$B$55,0))) | AX21: =IF(AW21<=0,"DEAD",TRIM(IF(V21<0,"OVERWORK ","")&IF(W21<0,"NO-DAYLIGHT ","")&IF(AG21<0,"NO-LOGS ","")&IF(AH21<0,"NO-BOARDS ","")&IF(AI21<0,"NO-FUEL ","")&IF(AJ21<0,"HUNGER ","")&AU21&" "&IF(T21="DARK","DARK-TRIP ","")&IF(AV21<Params!$B$44,"COLD","")))
A22: 14 | B22: =IF(A22<=Params!$B$5,"prep","night") | C22: =MAX(0,A22-Params!$B$5) | D22: =IF(A22<=Params!$B$5,ROUND(Params!$B$7-(Params!$B$7-Params!$B$8)*(A22-1)/(Params!$B$5-1),1),0) | E22: =COUNTIFS(People!$F$2:$F$7,"<="&A22,People!$F$2:$F$7,">0") | F22: =IF(E22=0,1,SUMIFS(People!$C$2:$C$7,People!$F$2:$F$7,"<="&A22,People!$F$2:$F$7,">0")/E22) | G22: =E22*Params!$B$9 | H22: 2 | I22: 0 | J22: 2 | K22: 0 | L22: 0 | M22: 0 | R22: =IF(N22="",0,(2*INDEX(Houses!$D$2:$D$18,MATCH(N22,Houses!$A$2:$A$18,0))+Params!$B$57)/IF(O22="",1,INDEX(People!$D$2:$D$7,MATCH(O22,People!$A$2:$A$7,0)))) | S22: =IF(P22="",0,(2*INDEX(Houses!$D$2:$D$18,MATCH(P22,Houses!$A$2:$A$18,0))+Params!$B$57)/IF(Q22="",1,INDEX(People!$D$2:$D$7,MATCH(Q22,People!$A$2:$A$7,0)))) | T22: =IF(AND(N22="",P22=""),"",IF(MAX(R22,S22)<=D22,"ok","DARK")) | U22: =H22+I22+J22+K22*Params!$B$32+L22*Params!$B$34+M22*Params!$B$37+R22+S22 | V22: =G22-U22 | W22: =D22*E22-(H22+R22+S22) | X22: 1 | Y22: =IF(N22="",0,IF(O22="",8,INDEX(People!$E$2:$E$7,MATCH(O22,People!$A$2:$A$7,0)))) | Z22: =IF(N22="",0,MAX(0,MIN(INDEX(Houses!$E$2:$E$18,MATCH(N22,Houses!$A$2:$A$18,0))-IF(INDEX(Houses!$H$2:$H$18,MATCH(N22,Houses!$A$2:$A$18,0))=1,SUMIF($N$8:N21,N22,$Z$8:Z21)+SUMIF($P$8:P21,N22,$AD$8:AD21),0),Y22))) | AA22: =IF(N22="",0,MAX(0,MIN(INDEX(Houses!$F$2:$F$18,MATCH(N22,Houses!$A$2:$A$18,0))-IF(INDEX(Houses!$H$2:$H$18,MATCH(N22,Houses!$A$2:$A$18,0))=1,SUMIF($N$8:N21,N22,$AA$8:AA21)+SUMIF($P$8:P21,N22,$AE$8:AE21),0),INT((Y22-Z22)/2)))) | AB22: =IF(N22="",0,MAX(0,INDEX(Houses!$G$2:$G$18,MATCH(N22,Houses!$A$2:$A$18,0))-IF(INDEX(Houses!$H$2:$H$18,MATCH(N22,Houses!$A$2:$A$18,0))=1,SUMIF($N$8:N21,N22,$AB$8:AB21)+SUMIF($P$8:P21,N22,$AF$8:AF21),0))) | AC22: =IF(P22="",0,IF(Q22="",8,INDEX(People!$E$2:$E$7,MATCH(Q22,People!$A$2:$A$7,0)))) | AD22: =IF(P22="",0,MAX(0,MIN(INDEX(Houses!$E$2:$E$18,MATCH(P22,Houses!$A$2:$A$18,0))-IF(INDEX(Houses!$H$2:$H$18,MATCH(P22,Houses!$A$2:$A$18,0))=1,SUMIF($P$8:P21,P22,$AD$8:AD21)+SUMIF($N$8:N21,P22,$Z$8:Z21)+IF(N22=P22,Z22,0),0),AC22))) | AE22: =IF(P22="",0,MAX(0,MIN(INDEX(Houses!$F$2:$F$18,MATCH(P22,Houses!$A$2:$A$18,0))-IF(INDEX(Houses!$H$2:$H$18,MATCH(P22,Houses!$A$2:$A$18,0))=1,SUMIF($P$8:P21,P22,$AE$8:AE21)+SUMIF($N$8:N21,P22,$AA$8:AA21)+IF(N22=P22,AA22,0),0),INT((AC22-AD22)/2)))) | AF22: =IF(P22="",0,MAX(0,INDEX(Houses!$G$2:$G$18,MATCH(P22,Houses!$A$2:$A$18,0))-IF(INDEX(Houses!$H$2:$H$18,MATCH(P22,Houses!$A$2:$A$18,0))=1,SUMIF($P$8:P21,P22,$AF$8:AF21)+SUMIF($N$8:N21,P22,$AB$8:AB21)+IF(N22=P22,AB22,0),0))) | AG22: =AG21+H22*Params!$B$24*F22-I22*Params!$B$25-J22*Params!$B$27 | AH22: =AH21+I22*Params!$B$25*Params!$B$26-K22*Params!$B$31-L22*Params!$B$33-M22*Params!$B$36+AA22+AE22 | AI22: =AI21+J22*Params!$B$27*Params!$B$28-X22*Params!$B$43*24 | AJ22: =AJ21-E22*Params!$B$22+Z22+AD22 | AK22: =AK21+AB22+AF22 | AL22: =MAX(0,AL21-M22) | AM22: =MAX(0,AT21-K22) | AN22: =AQ21+L22*Params!$B$35 | AO22: =IF(C22=0,0,INDEX(Nights!$B$2:$B$31,C22)) | AP22: =AO22*Params!$B$51*Params!$B$50 | AQ22: =MAX(0,AN22-AP22) | AR22: =INT((AS21+MAX(0,AP22-AN22))/Params!$B$30) | AS22: =(AS21+MAX(0,AP22-AN22))-AR22*Params!$B$30 | AT22: =AM22+AR22 | AU22: =IF(AND(AO22>0,OR(AM22+AL22>0,AR22>0)),"BREACH","") | AV22: =Params!$B$40+IF(AI22<0,0,X22)*Params!$B$41-(AM22+AL22)*Params!$B$42 | AW22: =MAX(0,MIN(100,AW21-IF(AV22<Params!$B$44,(Params!$B$44-AV22)*Params!$B$45,0)-IF(AJ22<0,Params!$B$54,0)-IF(AU22="BREACH",Params!$B$53,0)-IF(T22="DARK",Params!$B$55,0))) | AX22: =IF(AW22<=0,"DEAD",TRIM(IF(V22<0,"OVERWORK ","")&IF(W22<0,"NO-DAYLIGHT ","")&IF(AG22<0,"NO-LOGS ","")&IF(AH22<0,"NO-BOARDS ","")&IF(AI22<0,"NO-FUEL ","")&IF(AJ22<0,"HUNGER ","")&AU22&" "&IF(T22="DARK","DARK-TRIP ","")&IF(AV22<Params!$B$44,"COLD","")))
A23: 15 | B23: =IF(A23<=Params!$B$5,"prep","night") | C23: =MAX(0,A23-Params!$B$5) | D23: =IF(A23<=Params!$B$5,ROUND(Params!$B$7-(Params!$B$7-Params!$B$8)*(A23-1)/(Params!$B$5-1),1),0) | E23: =COUNTIFS(People!$F$2:$F$7,"<="&A23,People!$F$2:$F$7,">0") | F23: =IF(E23=0,1,SUMIFS(People!$C$2:$C$7,People!$F$2:$F$7,"<="&A23,People!$F$2:$F$7,">0")/E23) | G23: =E23*Params!$B$9 | H23: 0 | I23: 0 | J23: 1 | K23: 0 | L23: 3 | M23: 0 | R23: =IF(N23="",0,(2*INDEX(Houses!$D$2:$D$18,MATCH(N23,Houses!$A$2:$A$18,0))+Params!$B$57)/IF(O23="",1,INDEX(People!$D$2:$D$7,MATCH(O23,People!$A$2:$A$7,0)))) | S23: =IF(P23="",0,(2*INDEX(Houses!$D$2:$D$18,MATCH(P23,Houses!$A$2:$A$18,0))+Params!$B$57)/IF(Q23="",1,INDEX(People!$D$2:$D$7,MATCH(Q23,People!$A$2:$A$7,0)))) | T23: =IF(AND(N23="",P23=""),"",IF(MAX(R23,S23)<=D23,"ok","DARK")) | U23: =H23+I23+J23+K23*Params!$B$32+L23*Params!$B$34+M23*Params!$B$37+R23+S23 | V23: =G23-U23 | W23: =D23*E23-(H23+R23+S23) | X23: 1 | Y23: =IF(N23="",0,IF(O23="",8,INDEX(People!$E$2:$E$7,MATCH(O23,People!$A$2:$A$7,0)))) | Z23: =IF(N23="",0,MAX(0,MIN(INDEX(Houses!$E$2:$E$18,MATCH(N23,Houses!$A$2:$A$18,0))-IF(INDEX(Houses!$H$2:$H$18,MATCH(N23,Houses!$A$2:$A$18,0))=1,SUMIF($N$8:N22,N23,$Z$8:Z22)+SUMIF($P$8:P22,N23,$AD$8:AD22),0),Y23))) | AA23: =IF(N23="",0,MAX(0,MIN(INDEX(Houses!$F$2:$F$18,MATCH(N23,Houses!$A$2:$A$18,0))-IF(INDEX(Houses!$H$2:$H$18,MATCH(N23,Houses!$A$2:$A$18,0))=1,SUMIF($N$8:N22,N23,$AA$8:AA22)+SUMIF($P$8:P22,N23,$AE$8:AE22),0),INT((Y23-Z23)/2)))) | AB23: =IF(N23="",0,MAX(0,INDEX(Houses!$G$2:$G$18,MATCH(N23,Houses!$A$2:$A$18,0))-IF(INDEX(Houses!$H$2:$H$18,MATCH(N23,Houses!$A$2:$A$18,0))=1,SUMIF($N$8:N22,N23,$AB$8:AB22)+SUMIF($P$8:P22,N23,$AF$8:AF22),0))) | AC23: =IF(P23="",0,IF(Q23="",8,INDEX(People!$E$2:$E$7,MATCH(Q23,People!$A$2:$A$7,0)))) | AD23: =IF(P23="",0,MAX(0,MIN(INDEX(Houses!$E$2:$E$18,MATCH(P23,Houses!$A$2:$A$18,0))-IF(INDEX(Houses!$H$2:$H$18,MATCH(P23,Houses!$A$2:$A$18,0))=1,SUMIF($P$8:P22,P23,$AD$8:AD22)+SUMIF($N$8:N22,P23,$Z$8:Z22)+IF(N23=P23,Z23,0),0),AC23))) | AE23: =IF(P23="",0,MAX(0,MIN(INDEX(Houses!$F$2:$F$18,MATCH(P23,Houses!$A$2:$A$18,0))-IF(INDEX(Houses!$H$2:$H$18,MATCH(P23,Houses!$A$2:$A$18,0))=1,SUMIF($P$8:P22,P23,$AE$8:AE22)+SUMIF($N$8:N22,P23,$AA$8:AA22)+IF(N23=P23,AA23,0),0),INT((AC23-AD23)/2)))) | AF23: =IF(P23="",0,MAX(0,INDEX(Houses!$G$2:$G$18,MATCH(P23,Houses!$A$2:$A$18,0))-IF(INDEX(Houses!$H$2:$H$18,MATCH(P23,Houses!$A$2:$A$18,0))=1,SUMIF($P$8:P22,P23,$AF$8:AF22)+SUMIF($N$8:N22,P23,$AB$8:AB22)+IF(N23=P23,AB23,0),0))) | AG23: =AG22+H23*Params!$B$24*F23-I23*Params!$B$25-J23*Params!$B$27 | AH23: =AH22+I23*Params!$B$25*Params!$B$26-K23*Params!$B$31-L23*Params!$B$33-M23*Params!$B$36+AA23+AE23 | AI23: =AI22+J23*Params!$B$27*Params!$B$28-X23*Params!$B$43*24 | AJ23: =AJ22-E23*Params!$B$22+Z23+AD23 | AK23: =AK22+AB23+AF23 | AL23: =MAX(0,AL22-M23) | AM23: =MAX(0,AT22-K23) | AN23: =AQ22+L23*Params!$B$35 | AO23: =IF(C23=0,0,INDEX(Nights!$B$2:$B$31,C23)) | AP23: =AO23*Params!$B$51*Params!$B$50 | AQ23: =MAX(0,AN23-AP23) | AR23: =INT((AS22+MAX(0,AP23-AN23))/Params!$B$30) | AS23: =(AS22+MAX(0,AP23-AN23))-AR23*Params!$B$30 | AT23: =AM23+AR23 | AU23: =IF(AND(AO23>0,OR(AM23+AL23>0,AR23>0)),"BREACH","") | AV23: =Params!$B$40+IF(AI23<0,0,X23)*Params!$B$41-(AM23+AL23)*Params!$B$42 | AW23: =MAX(0,MIN(100,AW22-IF(AV23<Params!$B$44,(Params!$B$44-AV23)*Params!$B$45,0)-IF(AJ23<0,Params!$B$54,0)-IF(AU23="BREACH",Params!$B$53,0)-IF(T23="DARK",Params!$B$55,0))) | AX23: =IF(AW23<=0,"DEAD",TRIM(IF(V23<0,"OVERWORK ","")&IF(W23<0,"NO-DAYLIGHT ","")&IF(AG23<0,"NO-LOGS ","")&IF(AH23<0,"NO-BOARDS ","")&IF(AI23<0,"NO-FUEL ","")&IF(AJ23<0,"HUNGER ","")&AU23&" "&IF(T23="DARK","DARK-TRIP ","")&IF(AV23<Params!$B$44,"COLD","")))
A24: 16 | B24: =IF(A24<=Params!$B$5,"prep","night") | C24: =MAX(0,A24-Params!$B$5) | D24: =IF(A24<=Params!$B$5,ROUND(Params!$B$7-(Params!$B$7-Params!$B$8)*(A24-1)/(Params!$B$5-1),1),0) | E24: =COUNTIFS(People!$F$2:$F$7,"<="&A24,People!$F$2:$F$7,">0") | F24: =IF(E24=0,1,SUMIFS(People!$C$2:$C$7,People!$F$2:$F$7,"<="&A24,People!$F$2:$F$7,">0")/E24) | G24: =E24*Params!$B$9 | H24: 0 | I24: 0 | J24: 1 | K24: 0 | L24: 0 | M24: 0 | R24: =IF(N24="",0,(2*INDEX(Houses!$D$2:$D$18,MATCH(N24,Houses!$A$2:$A$18,0))+Params!$B$57)/IF(O24="",1,INDEX(People!$D$2:$D$7,MATCH(O24,People!$A$2:$A$7,0)))) | S24: =IF(P24="",0,(2*INDEX(Houses!$D$2:$D$18,MATCH(P24,Houses!$A$2:$A$18,0))+Params!$B$57)/IF(Q24="",1,INDEX(People!$D$2:$D$7,MATCH(Q24,People!$A$2:$A$7,0)))) | T24: =IF(AND(N24="",P24=""),"",IF(MAX(R24,S24)<=D24,"ok","DARK")) | U24: =H24+I24+J24+K24*Params!$B$32+L24*Params!$B$34+M24*Params!$B$37+R24+S24 | V24: =G24-U24 | W24: =D24*E24-(H24+R24+S24) | X24: 1 | Y24: =IF(N24="",0,IF(O24="",8,INDEX(People!$E$2:$E$7,MATCH(O24,People!$A$2:$A$7,0)))) | Z24: =IF(N24="",0,MAX(0,MIN(INDEX(Houses!$E$2:$E$18,MATCH(N24,Houses!$A$2:$A$18,0))-IF(INDEX(Houses!$H$2:$H$18,MATCH(N24,Houses!$A$2:$A$18,0))=1,SUMIF($N$8:N23,N24,$Z$8:Z23)+SUMIF($P$8:P23,N24,$AD$8:AD23),0),Y24))) | AA24: =IF(N24="",0,MAX(0,MIN(INDEX(Houses!$F$2:$F$18,MATCH(N24,Houses!$A$2:$A$18,0))-IF(INDEX(Houses!$H$2:$H$18,MATCH(N24,Houses!$A$2:$A$18,0))=1,SUMIF($N$8:N23,N24,$AA$8:AA23)+SUMIF($P$8:P23,N24,$AE$8:AE23),0),INT((Y24-Z24)/2)))) | AB24: =IF(N24="",0,MAX(0,INDEX(Houses!$G$2:$G$18,MATCH(N24,Houses!$A$2:$A$18,0))-IF(INDEX(Houses!$H$2:$H$18,MATCH(N24,Houses!$A$2:$A$18,0))=1,SUMIF($N$8:N23,N24,$AB$8:AB23)+SUMIF($P$8:P23,N24,$AF$8:AF23),0))) | AC24: =IF(P24="",0,IF(Q24="",8,INDEX(People!$E$2:$E$7,MATCH(Q24,People!$A$2:$A$7,0)))) | AD24: =IF(P24="",0,MAX(0,MIN(INDEX(Houses!$E$2:$E$18,MATCH(P24,Houses!$A$2:$A$18,0))-IF(INDEX(Houses!$H$2:$H$18,MATCH(P24,Houses!$A$2:$A$18,0))=1,SUMIF($P$8:P23,P24,$AD$8:AD23)+SUMIF($N$8:N23,P24,$Z$8:Z23)+IF(N24=P24,Z24,0),0),AC24))) | AE24: =IF(P24="",0,MAX(0,MIN(INDEX(Houses!$F$2:$F$18,MATCH(P24,Houses!$A$2:$A$18,0))-IF(INDEX(Houses!$H$2:$H$18,MATCH(P24,Houses!$A$2:$A$18,0))=1,SUMIF($P$8:P23,P24,$AE$8:AE23)+SUMIF($N$8:N23,P24,$AA$8:AA23)+IF(N24=P24,AA24,0),0),INT((AC24-AD24)/2)))) | AF24: =IF(P24="",0,MAX(0,INDEX(Houses!$G$2:$G$18,MATCH(P24,Houses!$A$2:$A$18,0))-IF(INDEX(Houses!$H$2:$H$18,MATCH(P24,Houses!$A$2:$A$18,0))=1,SUMIF($P$8:P23,P24,$AF$8:AF23)+SUMIF($N$8:N23,P24,$AB$8:AB23)+IF(N24=P24,AB24,0),0))) | AG24: =AG23+H24*Params!$B$24*F24-I24*Params!$B$25-J24*Params!$B$27 | AH24: =AH23+I24*Params!$B$25*Params!$B$26-K24*Params!$B$31-L24*Params!$B$33-M24*Params!$B$36+AA24+AE24 | AI24: =AI23+J24*Params!$B$27*Params!$B$28-X24*Params!$B$43*24 | AJ24: =AJ23-E24*Params!$B$22+Z24+AD24 | AK24: =AK23+AB24+AF24 | AL24: =MAX(0,AL23-M24) | AM24: =MAX(0,AT23-K24) | AN24: =AQ23+L24*Params!$B$35 | AO24: =IF(C24=0,0,INDEX(Nights!$B$2:$B$31,C24)) | AP24: =AO24*Params!$B$51*Params!$B$50 | AQ24: =MAX(0,AN24-AP24) | AR24: =INT((AS23+MAX(0,AP24-AN24))/Params!$B$30) | AS24: =(AS23+MAX(0,AP24-AN24))-AR24*Params!$B$30 | AT24: =AM24+AR24 | AU24: =IF(AND(AO24>0,OR(AM24+AL24>0,AR24>0)),"BREACH","") | AV24: =Params!$B$40+IF(AI24<0,0,X24)*Params!$B$41-(AM24+AL24)*Params!$B$42 | AW24: =MAX(0,MIN(100,AW23-IF(AV24<Params!$B$44,(Params!$B$44-AV24)*Params!$B$45,0)-IF(AJ24<0,Params!$B$54,0)-IF(AU24="BREACH",Params!$B$53,0)-IF(T24="DARK",Params!$B$55,0))) | AX24: =IF(AW24<=0,"DEAD",TRIM(IF(V24<0,"OVERWORK ","")&IF(W24<0,"NO-DAYLIGHT ","")&IF(AG24<0,"NO-LOGS ","")&IF(AH24<0,"NO-BOARDS ","")&IF(AI24<0,"NO-FUEL ","")&IF(AJ24<0,"HUNGER ","")&AU24&" "&IF(T24="DARK","DARK-TRIP ","")&IF(AV24<Params!$B$44,"COLD","")))
A25: 17 | B25: =IF(A25<=Params!$B$5,"prep","night") | C25: =MAX(0,A25-Params!$B$5) | D25: =IF(A25<=Params!$B$5,ROUND(Params!$B$7-(Params!$B$7-Params!$B$8)*(A25-1)/(Params!$B$5-1),1),0) | E25: =COUNTIFS(People!$F$2:$F$7,"<="&A25,People!$F$2:$F$7,">0") | F25: =IF(E25=0,1,SUMIFS(People!$C$2:$C$7,People!$F$2:$F$7,"<="&A25,People!$F$2:$F$7,">0")/E25) | G25: =E25*Params!$B$9 | H25: 0 | I25: 0 | J25: 2 | K25: 0 | L25: 2 | M25: 0 | R25: =IF(N25="",0,(2*INDEX(Houses!$D$2:$D$18,MATCH(N25,Houses!$A$2:$A$18,0))+Params!$B$57)/IF(O25="",1,INDEX(People!$D$2:$D$7,MATCH(O25,People!$A$2:$A$7,0)))) | S25: =IF(P25="",0,(2*INDEX(Houses!$D$2:$D$18,MATCH(P25,Houses!$A$2:$A$18,0))+Params!$B$57)/IF(Q25="",1,INDEX(People!$D$2:$D$7,MATCH(Q25,People!$A$2:$A$7,0)))) | T25: =IF(AND(N25="",P25=""),"",IF(MAX(R25,S25)<=D25,"ok","DARK")) | U25: =H25+I25+J25+K25*Params!$B$32+L25*Params!$B$34+M25*Params!$B$37+R25+S25 | V25: =G25-U25 | W25: =D25*E25-(H25+R25+S25) | X25: 1 | Y25: =IF(N25="",0,IF(O25="",8,INDEX(People!$E$2:$E$7,MATCH(O25,People!$A$2:$A$7,0)))) | Z25: =IF(N25="",0,MAX(0,MIN(INDEX(Houses!$E$2:$E$18,MATCH(N25,Houses!$A$2:$A$18,0))-IF(INDEX(Houses!$H$2:$H$18,MATCH(N25,Houses!$A$2:$A$18,0))=1,SUMIF($N$8:N24,N25,$Z$8:Z24)+SUMIF($P$8:P24,N25,$AD$8:AD24),0),Y25))) | AA25: =IF(N25="",0,MAX(0,MIN(INDEX(Houses!$F$2:$F$18,MATCH(N25,Houses!$A$2:$A$18,0))-IF(INDEX(Houses!$H$2:$H$18,MATCH(N25,Houses!$A$2:$A$18,0))=1,SUMIF($N$8:N24,N25,$AA$8:AA24)+SUMIF($P$8:P24,N25,$AE$8:AE24),0),INT((Y25-Z25)/2)))) | AB25: =IF(N25="",0,MAX(0,INDEX(Houses!$G$2:$G$18,MATCH(N25,Houses!$A$2:$A$18,0))-IF(INDEX(Houses!$H$2:$H$18,MATCH(N25,Houses!$A$2:$A$18,0))=1,SUMIF($N$8:N24,N25,$AB$8:AB24)+SUMIF($P$8:P24,N25,$AF$8:AF24),0))) | AC25: =IF(P25="",0,IF(Q25="",8,INDEX(People!$E$2:$E$7,MATCH(Q25,People!$A$2:$A$7,0)))) | AD25: =IF(P25="",0,MAX(0,MIN(INDEX(Houses!$E$2:$E$18,MATCH(P25,Houses!$A$2:$A$18,0))-IF(INDEX(Houses!$H$2:$H$18,MATCH(P25,Houses!$A$2:$A$18,0))=1,SUMIF($P$8:P24,P25,$AD$8:AD24)+SUMIF($N$8:N24,P25,$Z$8:Z24)+IF(N25=P25,Z25,0),0),AC25))) | AE25: =IF(P25="",0,MAX(0,MIN(INDEX(Houses!$F$2:$F$18,MATCH(P25,Houses!$A$2:$A$18,0))-IF(INDEX(Houses!$H$2:$H$18,MATCH(P25,Houses!$A$2:$A$18,0))=1,SUMIF($P$8:P24,P25,$AE$8:AE24)+SUMIF($N$8:N24,P25,$AA$8:AA24)+IF(N25=P25,AA25,0),0),INT((AC25-AD25)/2)))) | AF25: =IF(P25="",0,MAX(0,INDEX(Houses!$G$2:$G$18,MATCH(P25,Houses!$A$2:$A$18,0))-IF(INDEX(Houses!$H$2:$H$18,MATCH(P25,Houses!$A$2:$A$18,0))=1,SUMIF($P$8:P24,P25,$AF$8:AF24)+SUMIF($N$8:N24,P25,$AB$8:AB24)+IF(N25=P25,AB25,0),0))) | AG25: =AG24+H25*Params!$B$24*F25-I25*Params!$B$25-J25*Params!$B$27 | AH25: =AH24+I25*Params!$B$25*Params!$B$26-K25*Params!$B$31-L25*Params!$B$33-M25*Params!$B$36+AA25+AE25 | AI25: =AI24+J25*Params!$B$27*Params!$B$28-X25*Params!$B$43*24 | AJ25: =AJ24-E25*Params!$B$22+Z25+AD25 | AK25: =AK24+AB25+AF25 | AL25: =MAX(0,AL24-M25) | AM25: =MAX(0,AT24-K25) | AN25: =AQ24+L25*Params!$B$35 | AO25: =IF(C25=0,0,INDEX(Nights!$B$2:$B$31,C25)) | AP25: =AO25*Params!$B$51*Params!$B$50 | AQ25: =MAX(0,AN25-AP25) | AR25: =INT((AS24+MAX(0,AP25-AN25))/Params!$B$30) | AS25: =(AS24+MAX(0,AP25-AN25))-AR25*Params!$B$30 | AT25: =AM25+AR25 | AU25: =IF(AND(AO25>0,OR(AM25+AL25>0,AR25>0)),"BREACH","") | AV25: =Params!$B$40+IF(AI25<0,0,X25)*Params!$B$41-(AM25+AL25)*Params!$B$42 | AW25: =MAX(0,MIN(100,AW24-IF(AV25<Params!$B$44,(Params!$B$44-AV25)*Params!$B$45,0)-IF(AJ25<0,Params!$B$54,0)-IF(AU25="BREACH",Params!$B$53,0)-IF(T25="DARK",Params!$B$55,0))) | AX25: =IF(AW25<=0,"DEAD",TRIM(IF(V25<0,"OVERWORK ","")&IF(W25<0,"NO-DAYLIGHT ","")&IF(AG25<0,"NO-LOGS ","")&IF(AH25<0,"NO-BOARDS ","")&IF(AI25<0,"NO-FUEL ","")&IF(AJ25<0,"HUNGER ","")&AU25&" "&IF(T25="DARK","DARK-TRIP ","")&IF(AV25<Params!$B$44,"COLD","")))
A26: 18 | B26: =IF(A26<=Params!$B$5,"prep","night") | C26: =MAX(0,A26-Params!$B$5) | D26: =IF(A26<=Params!$B$5,ROUND(Params!$B$7-(Params!$B$7-Params!$B$8)*(A26-1)/(Params!$B$5-1),1),0) | E26: =COUNTIFS(People!$F$2:$F$7,"<="&A26,People!$F$2:$F$7,">0") | F26: =IF(E26=0,1,SUMIFS(People!$C$2:$C$7,People!$F$2:$F$7,"<="&A26,People!$F$2:$F$7,">0")/E26) | G26: =E26*Params!$B$9 | H26: 0 | I26: 1 | J26: 1 | K26: 0 | L26: 1 | M26: 0 | R26: =IF(N26="",0,(2*INDEX(Houses!$D$2:$D$18,MATCH(N26,Houses!$A$2:$A$18,0))+Params!$B$57)/IF(O26="",1,INDEX(People!$D$2:$D$7,MATCH(O26,People!$A$2:$A$7,0)))) | S26: =IF(P26="",0,(2*INDEX(Houses!$D$2:$D$18,MATCH(P26,Houses!$A$2:$A$18,0))+Params!$B$57)/IF(Q26="",1,INDEX(People!$D$2:$D$7,MATCH(Q26,People!$A$2:$A$7,0)))) | T26: =IF(AND(N26="",P26=""),"",IF(MAX(R26,S26)<=D26,"ok","DARK")) | U26: =H26+I26+J26+K26*Params!$B$32+L26*Params!$B$34+M26*Params!$B$37+R26+S26 | V26: =G26-U26 | W26: =D26*E26-(H26+R26+S26) | X26: 1 | Y26: =IF(N26="",0,IF(O26="",8,INDEX(People!$E$2:$E$7,MATCH(O26,People!$A$2:$A$7,0)))) | Z26: =IF(N26="",0,MAX(0,MIN(INDEX(Houses!$E$2:$E$18,MATCH(N26,Houses!$A$2:$A$18,0))-IF(INDEX(Houses!$H$2:$H$18,MATCH(N26,Houses!$A$2:$A$18,0))=1,SUMIF($N$8:N25,N26,$Z$8:Z25)+SUMIF($P$8:P25,N26,$AD$8:AD25),0),Y26))) | AA26: =IF(N26="",0,MAX(0,MIN(INDEX(Houses!$F$2:$F$18,MATCH(N26,Houses!$A$2:$A$18,0))-IF(INDEX(Houses!$H$2:$H$18,MATCH(N26,Houses!$A$2:$A$18,0))=1,SUMIF($N$8:N25,N26,$AA$8:AA25)+SUMIF($P$8:P25,N26,$AE$8:AE25),0),INT((Y26-Z26)/2)))) | AB26: =IF(N26="",0,MAX(0,INDEX(Houses!$G$2:$G$18,MATCH(N26,Houses!$A$2:$A$18,0))-IF(INDEX(Houses!$H$2:$H$18,MATCH(N26,Houses!$A$2:$A$18,0))=1,SUMIF($N$8:N25,N26,$AB$8:AB25)+SUMIF($P$8:P25,N26,$AF$8:AF25),0))) | AC26: =IF(P26="",0,IF(Q26="",8,INDEX(People!$E$2:$E$7,MATCH(Q26,People!$A$2:$A$7,0)))) | AD26: =IF(P26="",0,MAX(0,MIN(INDEX(Houses!$E$2:$E$18,MATCH(P26,Houses!$A$2:$A$18,0))-IF(INDEX(Houses!$H$2:$H$18,MATCH(P26,Houses!$A$2:$A$18,0))=1,SUMIF($P$8:P25,P26,$AD$8:AD25)+SUMIF($N$8:N25,P26,$Z$8:Z25)+IF(N26=P26,Z26,0),0),AC26))) | AE26: =IF(P26="",0,MAX(0,MIN(INDEX(Houses!$F$2:$F$18,MATCH(P26,Houses!$A$2:$A$18,0))-IF(INDEX(Houses!$H$2:$H$18,MATCH(P26,Houses!$A$2:$A$18,0))=1,SUMIF($P$8:P25,P26,$AE$8:AE25)+SUMIF($N$8:N25,P26,$AA$8:AA25)+IF(N26=P26,AA26,0),0),INT((AC26-AD26)/2)))) | AF26: =IF(P26="",0,MAX(0,INDEX(Houses!$G$2:$G$18,MATCH(P26,Houses!$A$2:$A$18,0))-IF(INDEX(Houses!$H$2:$H$18,MATCH(P26,Houses!$A$2:$A$18,0))=1,SUMIF($P$8:P25,P26,$AF$8:AF25)+SUMIF($N$8:N25,P26,$AB$8:AB25)+IF(N26=P26,AB26,0),0))) | AG26: =AG25+H26*Params!$B$24*F26-I26*Params!$B$25-J26*Params!$B$27 | AH26: =AH25+I26*Params!$B$25*Params!$B$26-K26*Params!$B$31-L26*Params!$B$33-M26*Params!$B$36+AA26+AE26 | AI26: =AI25+J26*Params!$B$27*Params!$B$28-X26*Params!$B$43*24 | AJ26: =AJ25-E26*Params!$B$22+Z26+AD26 | AK26: =AK25+AB26+AF26 | AL26: =MAX(0,AL25-M26) | AM26: =MAX(0,AT25-K26) | AN26: =AQ25+L26*Params!$B$35 | AO26: =IF(C26=0,0,INDEX(Nights!$B$2:$B$31,C26)) | AP26: =AO26*Params!$B$51*Params!$B$50 | AQ26: =MAX(0,AN26-AP26) | AR26: =INT((AS25+MAX(0,AP26-AN26))/Params!$B$30) | AS26: =(AS25+MAX(0,AP26-AN26))-AR26*Params!$B$30 | AT26: =AM26+AR26 | AU26: =IF(AND(AO26>0,OR(AM26+AL26>0,AR26>0)),"BREACH","") | AV26: =Params!$B$40+IF(AI26<0,0,X26)*Params!$B$41-(AM26+AL26)*Params!$B$42 | AW26: =MAX(0,MIN(100,AW25-IF(AV26<Params!$B$44,(Params!$B$44-AV26)*Params!$B$45,0)-IF(AJ26<0,Params!$B$54,0)-IF(AU26="BREACH",Params!$B$53,0)-IF(T26="DARK",Params!$B$55,0))) | AX26: =IF(AW26<=0,"DEAD",TRIM(IF(V26<0,"OVERWORK ","")&IF(W26<0,"NO-DAYLIGHT ","")&IF(AG26<0,"NO-LOGS ","")&IF(AH26<0,"NO-BOARDS ","")&IF(AI26<0,"NO-FUEL ","")&IF(AJ26<0,"HUNGER ","")&AU26&" "&IF(T26="DARK","DARK-TRIP ","")&IF(AV26<Params!$B$44,"COLD","")))
A27: 19 | B27: =IF(A27<=Params!$B$5,"prep","night") | C27: =MAX(0,A27-Params!$B$5) | D27: =IF(A27<=Params!$B$5,ROUND(Params!$B$7-(Params!$B$7-Params!$B$8)*(A27-1)/(Params!$B$5-1),1),0) | E27: =COUNTIFS(People!$F$2:$F$7,"<="&A27,People!$F$2:$F$7,">0") | F27: =IF(E27=0,1,SUMIFS(People!$C$2:$C$7,People!$F$2:$F$7,"<="&A27,People!$F$2:$F$7,">0")/E27) | G27: =E27*Params!$B$9 | H27: 0 | I27: 0 | J27: 1 | K27: 0 | L27: 0 | M27: 0 | R27: =IF(N27="",0,(2*INDEX(Houses!$D$2:$D$18,MATCH(N27,Houses!$A$2:$A$18,0))+Params!$B$57)/IF(O27="",1,INDEX(People!$D$2:$D$7,MATCH(O27,People!$A$2:$A$7,0)))) | S27: =IF(P27="",0,(2*INDEX(Houses!$D$2:$D$18,MATCH(P27,Houses!$A$2:$A$18,0))+Params!$B$57)/IF(Q27="",1,INDEX(People!$D$2:$D$7,MATCH(Q27,People!$A$2:$A$7,0)))) | T27: =IF(AND(N27="",P27=""),"",IF(MAX(R27,S27)<=D27,"ok","DARK")) | U27: =H27+I27+J27+K27*Params!$B$32+L27*Params!$B$34+M27*Params!$B$37+R27+S27 | V27: =G27-U27 | W27: =D27*E27-(H27+R27+S27) | X27: 1 | Y27: =IF(N27="",0,IF(O27="",8,INDEX(People!$E$2:$E$7,MATCH(O27,People!$A$2:$A$7,0)))) | Z27: =IF(N27="",0,MAX(0,MIN(INDEX(Houses!$E$2:$E$18,MATCH(N27,Houses!$A$2:$A$18,0))-IF(INDEX(Houses!$H$2:$H$18,MATCH(N27,Houses!$A$2:$A$18,0))=1,SUMIF($N$8:N26,N27,$Z$8:Z26)+SUMIF($P$8:P26,N27,$AD$8:AD26),0),Y27))) | AA27: =IF(N27="",0,MAX(0,MIN(INDEX(Houses!$F$2:$F$18,MATCH(N27,Houses!$A$2:$A$18,0))-IF(INDEX(Houses!$H$2:$H$18,MATCH(N27,Houses!$A$2:$A$18,0))=1,SUMIF($N$8:N26,N27,$AA$8:AA26)+SUMIF($P$8:P26,N27,$AE$8:AE26),0),INT((Y27-Z27)/2)))) | AB27: =IF(N27="",0,MAX(0,INDEX(Houses!$G$2:$G$18,MATCH(N27,Houses!$A$2:$A$18,0))-IF(INDEX(Houses!$H$2:$H$18,MATCH(N27,Houses!$A$2:$A$18,0))=1,SUMIF($N$8:N26,N27,$AB$8:AB26)+SUMIF($P$8:P26,N27,$AF$8:AF26),0))) | AC27: =IF(P27="",0,IF(Q27="",8,INDEX(People!$E$2:$E$7,MATCH(Q27,People!$A$2:$A$7,0)))) | AD27: =IF(P27="",0,MAX(0,MIN(INDEX(Houses!$E$2:$E$18,MATCH(P27,Houses!$A$2:$A$18,0))-IF(INDEX(Houses!$H$2:$H$18,MATCH(P27,Houses!$A$2:$A$18,0))=1,SUMIF($P$8:P26,P27,$AD$8:AD26)+SUMIF($N$8:N26,P27,$Z$8:Z26)+IF(N27=P27,Z27,0),0),AC27))) | AE27: =IF(P27="",0,MAX(0,MIN(INDEX(Houses!$F$2:$F$18,MATCH(P27,Houses!$A$2:$A$18,0))-IF(INDEX(Houses!$H$2:$H$18,MATCH(P27,Houses!$A$2:$A$18,0))=1,SUMIF($P$8:P26,P27,$AE$8:AE26)+SUMIF($N$8:N26,P27,$AA$8:AA26)+IF(N27=P27,AA27,0),0),INT((AC27-AD27)/2)))) | AF27: =IF(P27="",0,MAX(0,INDEX(Houses!$G$2:$G$18,MATCH(P27,Houses!$A$2:$A$18,0))-IF(INDEX(Houses!$H$2:$H$18,MATCH(P27,Houses!$A$2:$A$18,0))=1,SUMIF($P$8:P26,P27,$AF$8:AF26)+SUMIF($N$8:N26,P27,$AB$8:AB26)+IF(N27=P27,AB27,0),0))) | AG27: =AG26+H27*Params!$B$24*F27-I27*Params!$B$25-J27*Params!$B$27 | AH27: =AH26+I27*Params!$B$25*Params!$B$26-K27*Params!$B$31-L27*Params!$B$33-M27*Params!$B$36+AA27+AE27 | AI27: =AI26+J27*Params!$B$27*Params!$B$28-X27*Params!$B$43*24 | AJ27: =AJ26-E27*Params!$B$22+Z27+AD27 | AK27: =AK26+AB27+AF27 | AL27: =MAX(0,AL26-M27) | AM27: =MAX(0,AT26-K27) | AN27: =AQ26+L27*Params!$B$35 | AO27: =IF(C27=0,0,INDEX(Nights!$B$2:$B$31,C27)) | AP27: =AO27*Params!$B$51*Params!$B$50 | AQ27: =MAX(0,AN27-AP27) | AR27: =INT((AS26+MAX(0,AP27-AN27))/Params!$B$30) | AS27: =(AS26+MAX(0,AP27-AN27))-AR27*Params!$B$30 | AT27: =AM27+AR27 | AU27: =IF(AND(AO27>0,OR(AM27+AL27>0,AR27>0)),"BREACH","") | AV27: =Params!$B$40+IF(AI27<0,0,X27)*Params!$B$41-(AM27+AL27)*Params!$B$42 | AW27: =MAX(0,MIN(100,AW26-IF(AV27<Params!$B$44,(Params!$B$44-AV27)*Params!$B$45,0)-IF(AJ27<0,Params!$B$54,0)-IF(AU27="BREACH",Params!$B$53,0)-IF(T27="DARK",Params!$B$55,0))) | AX27: =IF(AW27<=0,"DEAD",TRIM(IF(V27<0,"OVERWORK ","")&IF(W27<0,"NO-DAYLIGHT ","")&IF(AG27<0,"NO-LOGS ","")&IF(AH27<0,"NO-BOARDS ","")&IF(AI27<0,"NO-FUEL ","")&IF(AJ27<0,"HUNGER ","")&AU27&" "&IF(T27="DARK","DARK-TRIP ","")&IF(AV27<Params!$B$44,"COLD","")))
A28: 20 | B28: =IF(A28<=Params!$B$5,"prep","night") | C28: =MAX(0,A28-Params!$B$5) | D28: =IF(A28<=Params!$B$5,ROUND(Params!$B$7-(Params!$B$7-Params!$B$8)*(A28-1)/(Params!$B$5-1),1),0) | E28: =COUNTIFS(People!$F$2:$F$7,"<="&A28,People!$F$2:$F$7,">0") | F28: =IF(E28=0,1,SUMIFS(People!$C$2:$C$7,People!$F$2:$F$7,"<="&A28,People!$F$2:$F$7,">0")/E28) | G28: =E28*Params!$B$9 | H28: 0 | I28: 6 | J28: 2 | K28: 0 | L28: 4 | M28: 0 | R28: =IF(N28="",0,(2*INDEX(Houses!$D$2:$D$18,MATCH(N28,Houses!$A$2:$A$18,0))+Params!$B$57)/IF(O28="",1,INDEX(People!$D$2:$D$7,MATCH(O28,People!$A$2:$A$7,0)))) | S28: =IF(P28="",0,(2*INDEX(Houses!$D$2:$D$18,MATCH(P28,Houses!$A$2:$A$18,0))+Params!$B$57)/IF(Q28="",1,INDEX(People!$D$2:$D$7,MATCH(Q28,People!$A$2:$A$7,0)))) | T28: =IF(AND(N28="",P28=""),"",IF(MAX(R28,S28)<=D28,"ok","DARK")) | U28: =H28+I28+J28+K28*Params!$B$32+L28*Params!$B$34+M28*Params!$B$37+R28+S28 | V28: =G28-U28 | W28: =D28*E28-(H28+R28+S28) | X28: 1 | Y28: =IF(N28="",0,IF(O28="",8,INDEX(People!$E$2:$E$7,MATCH(O28,People!$A$2:$A$7,0)))) | Z28: =IF(N28="",0,MAX(0,MIN(INDEX(Houses!$E$2:$E$18,MATCH(N28,Houses!$A$2:$A$18,0))-IF(INDEX(Houses!$H$2:$H$18,MATCH(N28,Houses!$A$2:$A$18,0))=1,SUMIF($N$8:N27,N28,$Z$8:Z27)+SUMIF($P$8:P27,N28,$AD$8:AD27),0),Y28))) | AA28: =IF(N28="",0,MAX(0,MIN(INDEX(Houses!$F$2:$F$18,MATCH(N28,Houses!$A$2:$A$18,0))-IF(INDEX(Houses!$H$2:$H$18,MATCH(N28,Houses!$A$2:$A$18,0))=1,SUMIF($N$8:N27,N28,$AA$8:AA27)+SUMIF($P$8:P27,N28,$AE$8:AE27),0),INT((Y28-Z28)/2)))) | AB28: =IF(N28="",0,MAX(0,INDEX(Houses!$G$2:$G$18,MATCH(N28,Houses!$A$2:$A$18,0))-IF(INDEX(Houses!$H$2:$H$18,MATCH(N28,Houses!$A$2:$A$18,0))=1,SUMIF($N$8:N27,N28,$AB$8:AB27)+SUMIF($P$8:P27,N28,$AF$8:AF27),0))) | AC28: =IF(P28="",0,IF(Q28="",8,INDEX(People!$E$2:$E$7,MATCH(Q28,People!$A$2:$A$7,0)))) | AD28: =IF(P28="",0,MAX(0,MIN(INDEX(Houses!$E$2:$E$18,MATCH(P28,Houses!$A$2:$A$18,0))-IF(INDEX(Houses!$H$2:$H$18,MATCH(P28,Houses!$A$2:$A$18,0))=1,SUMIF($P$8:P27,P28,$AD$8:AD27)+SUMIF($N$8:N27,P28,$Z$8:Z27)+IF(N28=P28,Z28,0),0),AC28))) | AE28: =IF(P28="",0,MAX(0,MIN(INDEX(Houses!$F$2:$F$18,MATCH(P28,Houses!$A$2:$A$18,0))-IF(INDEX(Houses!$H$2:$H$18,MATCH(P28,Houses!$A$2:$A$18,0))=1,SUMIF($P$8:P27,P28,$AE$8:AE27)+SUMIF($N$8:N27,P28,$AA$8:AA27)+IF(N28=P28,AA28,0),0),INT((AC28-AD28)/2)))) | AF28: =IF(P28="",0,MAX(0,INDEX(Houses!$G$2:$G$18,MATCH(P28,Houses!$A$2:$A$18,0))-IF(INDEX(Houses!$H$2:$H$18,MATCH(P28,Houses!$A$2:$A$18,0))=1,SUMIF($P$8:P27,P28,$AF$8:AF27)+SUMIF($N$8:N27,P28,$AB$8:AB27)+IF(N28=P28,AB28,0),0))) | AG28: =AG27+H28*Params!$B$24*F28-I28*Params!$B$25-J28*Params!$B$27 | AH28: =AH27+I28*Params!$B$25*Params!$B$26-K28*Params!$B$31-L28*Params!$B$33-M28*Params!$B$36+AA28+AE28 | AI28: =AI27+J28*Params!$B$27*Params!$B$28-X28*Params!$B$43*24 | AJ28: =AJ27-E28*Params!$B$22+Z28+AD28 | AK28: =AK27+AB28+AF28 | AL28: =MAX(0,AL27-M28) | AM28: =MAX(0,AT27-K28) | AN28: =AQ27+L28*Params!$B$35 | AO28: =IF(C28=0,0,INDEX(Nights!$B$2:$B$31,C28)) | AP28: =AO28*Params!$B$51*Params!$B$50 | AQ28: =MAX(0,AN28-AP28) | AR28: =INT((AS27+MAX(0,AP28-AN28))/Params!$B$30) | AS28: =(AS27+MAX(0,AP28-AN28))-AR28*Params!$B$30 | AT28: =AM28+AR28 | AU28: =IF(AND(AO28>0,OR(AM28+AL28>0,AR28>0)),"BREACH","") | AV28: =Params!$B$40+IF(AI28<0,0,X28)*Params!$B$41-(AM28+AL28)*Params!$B$42 | AW28: =MAX(0,MIN(100,AW27-IF(AV28<Params!$B$44,(Params!$B$44-AV28)*Params!$B$45,0)-IF(AJ28<0,Params!$B$54,0)-IF(AU28="BREACH",Params!$B$53,0)-IF(T28="DARK",Params!$B$55,0))) | AX28: =IF(AW28<=0,"DEAD",TRIM(IF(V28<0,"OVERWORK ","")&IF(W28<0,"NO-DAYLIGHT ","")&IF(AG28<0,"NO-LOGS ","")&IF(AH28<0,"NO-BOARDS ","")&IF(AI28<0,"NO-FUEL ","")&IF(AJ28<0,"HUNGER ","")&AU28&" "&IF(T28="DARK","DARK-TRIP ","")&IF(AV28<Params!$B$44,"COLD","")))
A29: 21 | B29: =IF(A29<=Params!$B$5,"prep","night") | C29: =MAX(0,A29-Params!$B$5) | D29: =IF(A29<=Params!$B$5,ROUND(Params!$B$7-(Params!$B$7-Params!$B$8)*(A29-1)/(Params!$B$5-1),1),0) | E29: =COUNTIFS(People!$F$2:$F$7,"<="&A29,People!$F$2:$F$7,">0") | F29: =IF(E29=0,1,SUMIFS(People!$C$2:$C$7,People!$F$2:$F$7,"<="&A29,People!$F$2:$F$7,">0")/E29) | G29: =E29*Params!$B$9 | H29: 0 | I29: 0 | J29: 1 | K29: 0 | L29: 0 | M29: 0 | R29: =IF(N29="",0,(2*INDEX(Houses!$D$2:$D$18,MATCH(N29,Houses!$A$2:$A$18,0))+Params!$B$57)/IF(O29="",1,INDEX(People!$D$2:$D$7,MATCH(O29,People!$A$2:$A$7,0)))) | S29: =IF(P29="",0,(2*INDEX(Houses!$D$2:$D$18,MATCH(P29,Houses!$A$2:$A$18,0))+Params!$B$57)/IF(Q29="",1,INDEX(People!$D$2:$D$7,MATCH(Q29,People!$A$2:$A$7,0)))) | T29: =IF(AND(N29="",P29=""),"",IF(MAX(R29,S29)<=D29,"ok","DARK")) | U29: =H29+I29+J29+K29*Params!$B$32+L29*Params!$B$34+M29*Params!$B$37+R29+S29 | V29: =G29-U29 | W29: =D29*E29-(H29+R29+S29) | X29: 1 | Y29: =IF(N29="",0,IF(O29="",8,INDEX(People!$E$2:$E$7,MATCH(O29,People!$A$2:$A$7,0)))) | Z29: =IF(N29="",0,MAX(0,MIN(INDEX(Houses!$E$2:$E$18,MATCH(N29,Houses!$A$2:$A$18,0))-IF(INDEX(Houses!$H$2:$H$18,MATCH(N29,Houses!$A$2:$A$18,0))=1,SUMIF($N$8:N28,N29,$Z$8:Z28)+SUMIF($P$8:P28,N29,$AD$8:AD28),0),Y29))) | AA29: =IF(N29="",0,MAX(0,MIN(INDEX(Houses!$F$2:$F$18,MATCH(N29,Houses!$A$2:$A$18,0))-IF(INDEX(Houses!$H$2:$H$18,MATCH(N29,Houses!$A$2:$A$18,0))=1,SUMIF($N$8:N28,N29,$AA$8:AA28)+SUMIF($P$8:P28,N29,$AE$8:AE28),0),INT((Y29-Z29)/2)))) | AB29: =IF(N29="",0,MAX(0,INDEX(Houses!$G$2:$G$18,MATCH(N29,Houses!$A$2:$A$18,0))-IF(INDEX(Houses!$H$2:$H$18,MATCH(N29,Houses!$A$2:$A$18,0))=1,SUMIF($N$8:N28,N29,$AB$8:AB28)+SUMIF($P$8:P28,N29,$AF$8:AF28),0))) | AC29: =IF(P29="",0,IF(Q29="",8,INDEX(People!$E$2:$E$7,MATCH(Q29,People!$A$2:$A$7,0)))) | AD29: =IF(P29="",0,MAX(0,MIN(INDEX(Houses!$E$2:$E$18,MATCH(P29,Houses!$A$2:$A$18,0))-IF(INDEX(Houses!$H$2:$H$18,MATCH(P29,Houses!$A$2:$A$18,0))=1,SUMIF($P$8:P28,P29,$AD$8:AD28)+SUMIF($N$8:N28,P29,$Z$8:Z28)+IF(N29=P29,Z29,0),0),AC29))) | AE29: =IF(P29="",0,MAX(0,MIN(INDEX(Houses!$F$2:$F$18,MATCH(P29,Houses!$A$2:$A$18,0))-IF(INDEX(Houses!$H$2:$H$18,MATCH(P29,Houses!$A$2:$A$18,0))=1,SUMIF($P$8:P28,P29,$AE$8:AE28)+SUMIF($N$8:N28,P29,$AA$8:AA28)+IF(N29=P29,AA29,0),0),INT((AC29-AD29)/2)))) | AF29: =IF(P29="",0,MAX(0,INDEX(Houses!$G$2:$G$18,MATCH(P29,Houses!$A$2:$A$18,0))-IF(INDEX(Houses!$H$2:$H$18,MATCH(P29,Houses!$A$2:$A$18,0))=1,SUMIF($P$8:P28,P29,$AF$8:AF28)+SUMIF($N$8:N28,P29,$AB$8:AB28)+IF(N29=P29,AB29,0),0))) | AG29: =AG28+H29*Params!$B$24*F29-I29*Params!$B$25-J29*Params!$B$27 | AH29: =AH28+I29*Params!$B$25*Params!$B$26-K29*Params!$B$31-L29*Params!$B$33-M29*Params!$B$36+AA29+AE29 | AI29: =AI28+J29*Params!$B$27*Params!$B$28-X29*Params!$B$43*24 | AJ29: =AJ28-E29*Params!$B$22+Z29+AD29 | AK29: =AK28+AB29+AF29 | AL29: =MAX(0,AL28-M29) | AM29: =MAX(0,AT28-K29) | AN29: =AQ28+L29*Params!$B$35 | AO29: =IF(C29=0,0,INDEX(Nights!$B$2:$B$31,C29)) | AP29: =AO29*Params!$B$51*Params!$B$50 | AQ29: =MAX(0,AN29-AP29) | AR29: =INT((AS28+MAX(0,AP29-AN29))/Params!$B$30) | AS29: =(AS28+MAX(0,AP29-AN29))-AR29*Params!$B$30 | AT29: =AM29+AR29 | AU29: =IF(AND(AO29>0,OR(AM29+AL29>0,AR29>0)),"BREACH","") | AV29: =Params!$B$40+IF(AI29<0,0,X29)*Params!$B$41-(AM29+AL29)*Params!$B$42 | AW29: =MAX(0,MIN(100,AW28-IF(AV29<Params!$B$44,(Params!$B$44-AV29)*Params!$B$45,0)-IF(AJ29<0,Params!$B$54,0)-IF(AU29="BREACH",Params!$B$53,0)-IF(T29="DARK",Params!$B$55,0))) | AX29: =IF(AW29<=0,"DEAD",TRIM(IF(V29<0,"OVERWORK ","")&IF(W29<0,"NO-DAYLIGHT ","")&IF(AG29<0,"NO-LOGS ","")&IF(AH29<0,"NO-BOARDS ","")&IF(AI29<0,"NO-FUEL ","")&IF(AJ29<0,"HUNGER ","")&AU29&" "&IF(T29="DARK","DARK-TRIP ","")&IF(AV29<Params!$B$44,"COLD","")))
A30: 22 | B30: =IF(A30<=Params!$B$5,"prep","night") | C30: =MAX(0,A30-Params!$B$5) | D30: =IF(A30<=Params!$B$5,ROUND(Params!$B$7-(Params!$B$7-Params!$B$8)*(A30-1)/(Params!$B$5-1),1),0) | E30: =COUNTIFS(People!$F$2:$F$7,"<="&A30,People!$F$2:$F$7,">0") | F30: =IF(E30=0,1,SUMIFS(People!$C$2:$C$7,People!$F$2:$F$7,"<="&A30,People!$F$2:$F$7,">0")/E30) | G30: =E30*Params!$B$9 | H30: 0 | I30: 0 | J30: 1 | K30: 0 | L30: 0 | M30: 0 | R30: =IF(N30="",0,(2*INDEX(Houses!$D$2:$D$18,MATCH(N30,Houses!$A$2:$A$18,0))+Params!$B$57)/IF(O30="",1,INDEX(People!$D$2:$D$7,MATCH(O30,People!$A$2:$A$7,0)))) | S30: =IF(P30="",0,(2*INDEX(Houses!$D$2:$D$18,MATCH(P30,Houses!$A$2:$A$18,0))+Params!$B$57)/IF(Q30="",1,INDEX(People!$D$2:$D$7,MATCH(Q30,People!$A$2:$A$7,0)))) | T30: =IF(AND(N30="",P30=""),"",IF(MAX(R30,S30)<=D30,"ok","DARK")) | U30: =H30+I30+J30+K30*Params!$B$32+L30*Params!$B$34+M30*Params!$B$37+R30+S30 | V30: =G30-U30 | W30: =D30*E30-(H30+R30+S30) | X30: 1 | Y30: =IF(N30="",0,IF(O30="",8,INDEX(People!$E$2:$E$7,MATCH(O30,People!$A$2:$A$7,0)))) | Z30: =IF(N30="",0,MAX(0,MIN(INDEX(Houses!$E$2:$E$18,MATCH(N30,Houses!$A$2:$A$18,0))-IF(INDEX(Houses!$H$2:$H$18,MATCH(N30,Houses!$A$2:$A$18,0))=1,SUMIF($N$8:N29,N30,$Z$8:Z29)+SUMIF($P$8:P29,N30,$AD$8:AD29),0),Y30))) | AA30: =IF(N30="",0,MAX(0,MIN(INDEX(Houses!$F$2:$F$18,MATCH(N30,Houses!$A$2:$A$18,0))-IF(INDEX(Houses!$H$2:$H$18,MATCH(N30,Houses!$A$2:$A$18,0))=1,SUMIF($N$8:N29,N30,$AA$8:AA29)+SUMIF($P$8:P29,N30,$AE$8:AE29),0),INT((Y30-Z30)/2)))) | AB30: =IF(N30="",0,MAX(0,INDEX(Houses!$G$2:$G$18,MATCH(N30,Houses!$A$2:$A$18,0))-IF(INDEX(Houses!$H$2:$H$18,MATCH(N30,Houses!$A$2:$A$18,0))=1,SUMIF($N$8:N29,N30,$AB$8:AB29)+SUMIF($P$8:P29,N30,$AF$8:AF29),0))) | AC30: =IF(P30="",0,IF(Q30="",8,INDEX(People!$E$2:$E$7,MATCH(Q30,People!$A$2:$A$7,0)))) | AD30: =IF(P30="",0,MAX(0,MIN(INDEX(Houses!$E$2:$E$18,MATCH(P30,Houses!$A$2:$A$18,0))-IF(INDEX(Houses!$H$2:$H$18,MATCH(P30,Houses!$A$2:$A$18,0))=1,SUMIF($P$8:P29,P30,$AD$8:AD29)+SUMIF($N$8:N29,P30,$Z$8:Z29)+IF(N30=P30,Z30,0),0),AC30))) | AE30: =IF(P30="",0,MAX(0,MIN(INDEX(Houses!$F$2:$F$18,MATCH(P30,Houses!$A$2:$A$18,0))-IF(INDEX(Houses!$H$2:$H$18,MATCH(P30,Houses!$A$2:$A$18,0))=1,SUMIF($P$8:P29,P30,$AE$8:AE29)+SUMIF($N$8:N29,P30,$AA$8:AA29)+IF(N30=P30,AA30,0),0),INT((AC30-AD30)/2)))) | AF30: =IF(P30="",0,MAX(0,INDEX(Houses!$G$2:$G$18,MATCH(P30,Houses!$A$2:$A$18,0))-IF(INDEX(Houses!$H$2:$H$18,MATCH(P30,Houses!$A$2:$A$18,0))=1,SUMIF($P$8:P29,P30,$AF$8:AF29)+SUMIF($N$8:N29,P30,$AB$8:AB29)+IF(N30=P30,AB30,0),0))) | AG30: =AG29+H30*Params!$B$24*F30-I30*Params!$B$25-J30*Params!$B$27 | AH30: =AH29+I30*Params!$B$25*Params!$B$26-K30*Params!$B$31-L30*Params!$B$33-M30*Params!$B$36+AA30+AE30 | AI30: =AI29+J30*Params!$B$27*Params!$B$28-X30*Params!$B$43*24 | AJ30: =AJ29-E30*Params!$B$22+Z30+AD30 | AK30: =AK29+AB30+AF30 | AL30: =MAX(0,AL29-M30) | AM30: =MAX(0,AT29-K30) | AN30: =AQ29+L30*Params!$B$35 | AO30: =IF(C30=0,0,INDEX(Nights!$B$2:$B$31,C30)) | AP30: =AO30*Params!$B$51*Params!$B$50 | AQ30: =MAX(0,AN30-AP30) | AR30: =INT((AS29+MAX(0,AP30-AN30))/Params!$B$30) | AS30: =(AS29+MAX(0,AP30-AN30))-AR30*Params!$B$30 | AT30: =AM30+AR30 | AU30: =IF(AND(AO30>0,OR(AM30+AL30>0,AR30>0)),"BREACH","") | AV30: =Params!$B$40+IF(AI30<0,0,X30)*Params!$B$41-(AM30+AL30)*Params!$B$42 | AW30: =MAX(0,MIN(100,AW29-IF(AV30<Params!$B$44,(Params!$B$44-AV30)*Params!$B$45,0)-IF(AJ30<0,Params!$B$54,0)-IF(AU30="BREACH",Params!$B$53,0)-IF(T30="DARK",Params!$B$55,0))) | AX30: =IF(AW30<=0,"DEAD",TRIM(IF(V30<0,"OVERWORK ","")&IF(W30<0,"NO-DAYLIGHT ","")&IF(AG30<0,"NO-LOGS ","")&IF(AH30<0,"NO-BOARDS ","")&IF(AI30<0,"NO-FUEL ","")&IF(AJ30<0,"HUNGER ","")&AU30&" "&IF(T30="DARK","DARK-TRIP ","")&IF(AV30<Params!$B$44,"COLD","")))
... A52: 44 | B52: =IF(A52<=Params!$B$5,"prep","night") | C52: =MAX(0,A52-Params!$B$5) | D52: =IF(A52<=Params!$B$5,ROUND(Params!$B$7-(Params!$B$7-Params!$B$8)*(A52-1)/(Params!$B$5-1),1),0) | E52: =COUNTIFS(People!$F$2:$F$7,"<="&A52,People!$F$2:$F$7,">0") | F52: =IF(E52=0,1,SUMIFS(People!$C$2:$C$7,People!$F$2:$F$7,"<="&A52,People!$F$2:$F$7,">0")/E52) | G52: =E52*Params!$B$9 | H52: 0 | I52: 0 | J52: 0 | K52: 0 | L52: 0 | M52: 0 | R52: =IF(N52="",0,(2*INDEX(Houses!$D$2:$D$18,MATCH(N52,Houses!$A$2:$A$18,0))+Params!$B$57)/IF(O52="",1,INDEX(People!$D$2:$D$7,MATCH(O52,People!$A$2:$A$7,0)))) | S52: =IF(P52="",0,(2*INDEX(Houses!$D$2:$D$18,MATCH(P52,Houses!$A$2:$A$18,0))+Params!$B$57)/IF(Q52="",1,INDEX(People!$D$2:$D$7,MATCH(Q52,People!$A$2:$A$7,0)))) | T52: =IF(AND(N52="",P52=""),"",IF(MAX(R52,S52)<=D52,"ok","DARK")) | U52: =H52+I52+J52+K52*Params!$B$32+L52*Params!$B$34+M52*Params!$B$37+R52+S52 | V52: =G52-U52 | W52: =D52*E52-(H52+R52+S52) | X52: 1 | Y52: =IF(N52="",0,IF(O52="",8,INDEX(People!$E$2:$E$7,MATCH(O52,People!$A$2:$A$7,0)))) | Z52: =IF(N52="",0,MAX(0,MIN(INDEX(Houses!$E$2:$E$18,MATCH(N52,Houses!$A$2:$A$18,0))-IF(INDEX(Houses!$H$2:$H$18,MATCH(N52,Houses!$A$2:$A$18,0))=1,SUMIF($N$8:N51,N52,$Z$8:Z51)+SUMIF($P$8:P51,N52,$AD$8:AD51),0),Y52))) | AA52: =IF(N52="",0,MAX(0,MIN(INDEX(Houses!$F$2:$F$18,MATCH(N52,Houses!$A$2:$A$18,0))-IF(INDEX(Houses!$H$2:$H$18,MATCH(N52,Houses!$A$2:$A$18,0))=1,SUMIF($N$8:N51,N52,$AA$8:AA51)+SUMIF($P$8:P51,N52,$AE$8:AE51),0),INT((Y52-Z52)/2)))) | AB52: =IF(N52="",0,MAX(0,INDEX(Houses!$G$2:$G$18,MATCH(N52,Houses!$A$2:$A$18,0))-IF(INDEX(Houses!$H$2:$H$18,MATCH(N52,Houses!$A$2:$A$18,0))=1,SUMIF($N$8:N51,N52,$AB$8:AB51)+SUMIF($P$8:P51,N52,$AF$8:AF51),0))) | AC52: =IF(P52="",0,IF(Q52="",8,INDEX(People!$E$2:$E$7,MATCH(Q52,People!$A$2:$A$7,0)))) | AD52: =IF(P52="",0,MAX(0,MIN(INDEX(Houses!$E$2:$E$18,MATCH(P52,Houses!$A$2:$A$18,0))-IF(INDEX(Houses!$H$2:$H$18,MATCH(P52,Houses!$A$2:$A$18,0))=1,SUMIF($P$8:P51,P52,$AD$8:AD51)+SUMIF($N$8:N51,P52,$Z$8:Z51)+IF(N52=P52,Z52,0),0),AC52))) | AE52: =IF(P52="",0,MAX(0,MIN(INDEX(Houses!$F$2:$F$18,MATCH(P52,Houses!$A$2:$A$18,0))-IF(INDEX(Houses!$H$2:$H$18,MATCH(P52,Houses!$A$2:$A$18,0))=1,SUMIF($P$8:P51,P52,$AE$8:AE51)+SUMIF($N$8:N51,P52,$AA$8:AA51)+IF(N52=P52,AA52,0),0),INT((AC52-AD52)/2)))) | AF52: =IF(P52="",0,MAX(0,INDEX(Houses!$G$2:$G$18,MATCH(P52,Houses!$A$2:$A$18,0))-IF(INDEX(Houses!$H$2:$H$18,MATCH(P52,Houses!$A$2:$A$18,0))=1,SUMIF($P$8:P51,P52,$AF$8:AF51)+SUMIF($N$8:N51,P52,$AB$8:AB51)+IF(N52=P52,AB52,0),0))) | AG52: =AG51+H52*Params!$B$24*F52-I52*Params!$B$25-J52*Params!$B$27 | AH52: =AH51+I52*Params!$B$25*Params!$B$26-K52*Params!$B$31-L52*Params!$B$33-M52*Params!$B$36+AA52+AE52 | AI52: =AI51+J52*Params!$B$27*Params!$B$28-X52*Params!$B$43*24 | AJ52: =AJ51-E52*Params!$B$22+Z52+AD52 | AK52: =AK51+AB52+AF52 | AL52: =MAX(0,AL51-M52) | AM52: =MAX(0,AT51-K52) | AN52: =AQ51+L52*Params!$B$35 | AO52: =IF(C52=0,0,INDEX(Nights!$B$2:$B$31,C52)) | AP52: =AO52*Params!$B$51*Params!$B$50 | AQ52: =MAX(0,AN52-AP52) | AR52: =INT((AS51+MAX(0,AP52-AN52))/Params!$B$30) | AS52: =(AS51+MAX(0,AP52-AN52))-AR52*Params!$B$30 | AT52: =AM52+AR52 | AU52: =IF(AND(AO52>0,OR(AM52+AL52>0,AR52>0)),"BREACH","") | AV52: =Params!$B$40+IF(AI52<0,0,X52)*Params!$B$41-(AM52+AL52)*Params!$B$42 | AW52: =MAX(0,MIN(100,AW51-IF(AV52<Params!$B$44,(Params!$B$44-AV52)*Params!$B$45,0)-IF(AJ52<0,Params!$B$54,0)-IF(AU52="BREACH",Params!$B$53,0)-IF(T52="DARK",Params!$B$55,0))) | AX52: =IF(AW52<=0,"DEAD",TRIM(IF(V52<0,"OVERWORK ","")&IF(W52<0,"NO-DAYLIGHT ","")&IF(AG52<0,"NO-LOGS ","")&IF(AH52<0,"NO-BOARDS ","")&IF(AI52<0,"NO-FUEL ","")&IF(AJ52<0,"HUNGER ","")&AU52&" "&IF(T52="DARK","DARK-TRIP ","")&IF(AV52<Params!$B$44,"COLD","")))

Sheet Params
A1: 30 Nights - balance parameters (model v1.1)
A2: Blue = editable constants. All values are first-guess design assumptions (Inna + Claude, 2026-09-06), no external source.
A4: Calendar
A5: Prep days before the night | B5: 14 | C5: days | D5: Fourteen days of shrinking daylight, then the night
A6: Nights to survive | B6: 30 | C6: nights | D6: The thirty nights of the title
A7: Safe daylight on day 1 | B7: 8 | C7: h | D7: Shrinks linearly to the last prep day; 0 during the nights
A8: Safe daylight on the last prep day | B8: 1 | C8: h
A9: Work budget per person per day | B9: 12 | C9: h | D9: Replaces a fatigue meter: 12 h of work, the rest is sleep
A10: Starting stocks
A11: Food at start | B11: 12 | C11: units | D11: 1 unit feeds one person for one day
A12: Fuel at start | B12: 40 | C12: stove-hours | D12: 1 fuel = one stove burning for one hour
A13: Boards at start | B13: 12 | C13: boards
A14: Logs at start | B14: 0 | C14: logs
A15: Medicine at start | B15: 2 | C15: doses | D15: A first-aid kit; the clinic is the resupply
A16: Colony health at start | B16: 100 | C16: hp | D16: One coarse health pool for planning; per-person health is v1.1 of the model
A17: Perimeter sections missing at start | B17: 4 | C17: sections | D17: Open gaps: build them (8 boards each)
A18: Perimeter holes at start | B18: 2 | C18: holes | D18: Broken sections: repair them (4 boards each)
A19: Reinforcement buffer at start | B19: 0 | C19: hp
A20: Damage carried into night 1 | B20: 0 | C20: hp | D20: Partial damage below one hole is kept, never lost
A21: Consumption
A22: Food per person per day | B22: 1 | C22: units | D22: Deducted every morning
A23: Production (per person-hour at work multiplier 1.0)
A24: Logs chopped per hour | B24: 2.2 | C24: logs/h | D24: Daylight only: the forest is outside the fence
A25: Logs sawn per hour | B25: 1 | C25: logs/h | D25: Indoors, any hour
A26: Boards per log | B26: 2 | C26: boards
A27: Logs split per hour | B27: 1.5 | C27: logs/h | D27: Indoors, any hour
A28: Fuel per log | B28: 12 | C28: stove-hours | D28: One log keeps the stove going for 12 h
A29: Construction
A30: Section strength | B30: 10 | C30: hp | D30: Accumulated night damage per this = one new hole
A31: Repair a hole: boards | B31: 4 | C31: boards
A32: Repair a hole: hours | B32: 2 | C32: h
A33: Reinforce: boards | B33: 3 | C33: boards | D33: Adds to the reinforcement buffer that absorbs damage first
A34: Reinforce: hours | B34: 1.5 | C34: h
A35: Reinforce: buffer added | B35: 5 | C35: hp
A36: Build a missing section: boards | B36: 8 | C36: boards
A37: Build a missing section: hours | B37: 3 | C37: h
A38: Perimeter sections in total | B38: 24 | C38: sections | D38: Fence + hangar walls (one pool in this model)
A39: Heat
A40: Outside temperature | B40: -22 | C40: C | D40: Polar night
A41: Heat per burning stove | B41: 24 | C41: C | D41: 24: in the room model a sealed room with a door and a boarded window sits at 0 C; this sheet has one temperature for the base
A42: Heat lost per open hole or missing section | B42: 4 | C42: C
A43: Fuel per stove per hour | B43: 1 | C43: stove-hours
A44: Inside temperature below which people freeze | B44: 0 | C44: C
A45: Health lost per degree below that, per day | B45: 0.4 | C45: hp
A46: Enemies
A47: Assault every N-th night | B47: 3 | C47: nights | D47: 3 = ten assaults in thirty nights; the night after is a probe, the third is quiet
A48: Assault attackers = assault number + this | B48: 2 | D48: 3rd night: 3 attackers ... 30th night: 12
A49: Attackers on a probing night | B49: 1 | D49: A wolf or two testing the fence
A50: Hours of attack per night | B50: 4 | C50: h
A51: Damage per attacker per hour | B51: 1 | C51: hp
A52: Health losses
A53: Breach (attackers + an open gap, or a gap opened tonight) | B53: 15 | C53: hp
A54: Hunger (food below zero) | B54: 10 | C54: hp/day
A55: Expedition longer than the daylight | B55: 10 | C55: hp | D55: Someone comes back hurt
A56: Expeditions
A57: Search time per house | B57: 1 | C57: h | D57: Trip = (2 x distance + search) / runner speed

Sheet Nights
A1: Night | B1: Attackers | C1: Kind | D1: Damage per night (hp) | F1: The rhythm of the siege: assault every third night (escalating), a probe the night after, then quiet. Tune Params, not this sheet.
A2: 1 | B2: =IF(MOD(A2,Params!$B$47)=0,A2/Params!$B$47+Params!$B$48,IF(MOD(A2,Params!$B$47)=1,Params!$B$49,0)) | C2: =IF(MOD(A2,Params!$B$47)=0,"assault",IF(MOD(A2,Params!$B$47)=1,"probe","quiet")) | D2: =B2*Params!$B$51*Params!$B$50
A3: 2 | B3: =IF(MOD(A3,Params!$B$47)=0,A3/Params!$B$47+Params!$B$48,IF(MOD(A3,Params!$B$47)=1,Params!$B$49,0)) | C3: =IF(MOD(A3,Params!$B$47)=0,"assault",IF(MOD(A3,Params!$B$47)=1,"probe","quiet")) | D3: =B3*Params!$B$51*Params!$B$50
A4: 3 | B4: =IF(MOD(A4,Params!$B$47)=0,A4/Params!$B$47+Params!$B$48,IF(MOD(A4,Params!$B$47)=1,Params!$B$49,0)) | C4: =IF(MOD(A4,Params!$B$47)=0,"assault",IF(MOD(A4,Params!$B$47)=1,"probe","quiet")) | D4: =B4*Params!$B$51*Params!$B$50
A5: 4 | B5: =IF(MOD(A5,Params!$B$47)=0,A5/Params!$B$47+Params!$B$48,IF(MOD(A5,Params!$B$47)=1,Params!$B$49,0)) | C5: =IF(MOD(A5,Params!$B$47)=0,"assault",IF(MOD(A5,Params!$B$47)=1,"probe","quiet")) | D5: =B5*Params!$B$51*Params!$B$50
A6: 5 | B6: =IF(MOD(A6,Params!$B$47)=0,A6/Params!$B$47+Params!$B$48,IF(MOD(A6,Params!$B$47)=1,Params!$B$49,0)) | C6: =IF(MOD(A6,Params!$B$47)=0,"assault",IF(MOD(A6,Params!$B$47)=1,"probe","quiet")) | D6: =B6*Params!$B$51*Params!$B$50
A7: 6 | B7: =IF(MOD(A7,Params!$B$47)=0,A7/Params!$B$47+Params!$B$48,IF(MOD(A7,Params!$B$47)=1,Params!$B$49,0)) | C7: =IF(MOD(A7,Params!$B$47)=0,"assault",IF(MOD(A7,Params!$B$47)=1,"probe","quiet")) | D7: =B7*Params!$B$51*Params!$B$50
A8: 7 | B8: =IF(MOD(A8,Params!$B$47)=0,A8/Params!$B$47+Params!$B$48,IF(MOD(A8,Params!$B$47)=1,Params!$B$49,0)) | C8: =IF(MOD(A8,Params!$B$47)=0,"assault",IF(MOD(A8,Params!$B$47)=1,"probe","quiet")) | D8: =B8*Params!$B$51*Params!$B$50
A9: 8 | B9: =IF(MOD(A9,Params!$B$47)=0,A9/Params!$B$47+Params!$B$48,IF(MOD(A9,Params!$B$47)=1,Params!$B$49,0)) | C9: =IF(MOD(A9,Params!$B$47)=0,"assault",IF(MOD(A9,Params!$B$47)=1,"probe","quiet")) | D9: =B9*Params!$B$51*Params!$B$50
A10: 9 | B10: =IF(MOD(A10,Params!$B$47)=0,A10/Params!$B$47+Params!$B$48,IF(MOD(A10,Params!$B$47)=1,Params!$B$49,0)) | C10: =IF(MOD(A10,Params!$B$47)=0,"assault",IF(MOD(A10,Params!$B$47)=1,"probe","quiet")) | D10: =B10*Params!$B$51*Params!$B$50
A11: 10 | B11: =IF(MOD(A11,Params!$B$47)=0,A11/Params!$B$47+Params!$B$48,IF(MOD(A11,Params!$B$47)=1,Params!$B$49,0)) | C11: =IF(MOD(A11,Params!$B$47)=0,"assault",IF(MOD(A11,Params!$B$47)=1,"probe","quiet")) | D11: =B11*Params!$B$51*Params!$B$50
A12: 11 | B12: =IF(MOD(A12,Params!$B$47)=0,A12/Params!$B$47+Params!$B$48,IF(MOD(A12,Params!$B$47)=1,Params!$B$49,0)) | C12: =IF(MOD(A12,Params!$B$47)=0,"assault",IF(MOD(A12,Params!$B$47)=1,"probe","quiet")) | D12: =B12*Params!$B$51*Params!$B$50
A13: 12 | B13: =IF(MOD(A13,Params!$B$47)=0,A13/Params!$B$47+Params!$B$48,IF(MOD(A13,Params!$B$47)=1,Params!$B$49,0)) | C13: =IF(MOD(A13,Params!$B$47)=0,"assault",IF(MOD(A13,Params!$B$47)=1,"probe","quiet")) | D13: =B13*Params!$B$51*Params!$B$50
... A31: 30 | B31: =IF(MOD(A31,Params!$B$47)=0,A31/Params!$B$47+Params!$B$48,IF(MOD(A31,Params!$B$47)=1,Params!$B$49,0)) | C31: =IF(MOD(A31,Params!$B$47)=0,"assault",IF(MOD(A31,Params!$B$47)=1,"probe","quiet")) | D31: =B31*Params!$B$51*Params!$B$50

Sheet People
A1: ID | B1: Name | C1: Work x | D1: Expedition speed x | E1: Carry (weight) | F1: Arrival day | G1: Notes
A2: A | B2: Ivan | C2: 1.2 | D2: 1 | E2: 10 | F2: 1 | G2: Strong: works faster, carries more.
A3: B | B3: Marta | C3: 0.9 | D3: 1.3 | E3: 7 | F3: 1 | G3: Light: runs the errands faster, carries less.
A4: C | B4: Oleg (found in a house) | C4: 1 | D4: 1 | E4: 8 | G4: Found in a residential house. Enter the day he joins to test one more mouth.
A5: D | B5: Pavel (clinic, wounded) | C5: 1.1 | D5: 0.9 | E5: 9 | G5: Wounded man from the clinic: eats from day one; model him with a late arrival day (wound rules are v1.1).
G6: Spare row: add a survivor here (ID, name, stats, arrival day).
G7: Spare row: add a survivor here (ID, name, stats, arrival day).
A9: Arrival day blank = never joins. Present people eat and work from that day. Weight: food 1, board 2, medicine 0.

Sheet Houses
A1: Code | B1: Name | C1: Type | D1: Distance (h one way) | E1: Food | F1: Boards | G1: Medicine | H1: Stock-limited (1/0) | I1: Notes
A2: SHOP | B2: Grocery store | C2: special | D2: 2.5 | E2: 45 | F2: 0 | G2: 0 | H2: 1 | I2: The jackpot: several trips while the days are long. Stock depletes.
A3: WARE | B3: Timber warehouse | C3: special | D3: 3 | E3: 0 | F3: 40 | G3: 0 | H3: 1 | I3: Boards are heavy (weight 2): a few per trip without a sled (sled = v2).
A4: CLINIC | B4: Clinic (hospital + pharmacy) | C4: special | D4: 3 | E4: 8 | F4: 0 | G4: 6 | H4: 1 | I4: Hospital + pharmacy in one, far and in wolf country. Medicine, some food - and the wounded man (see People).
A5: GARAGE | B5: Garage | C5: special | D5: 2 | E5: 4 | F5: 10 | G5: 0 | H5: 1 | I5: Tools and a little of everything (barrel stove and sled are v2).
A6: OFFICE | B6: Mine office | C6: special | D6: 3 | E6: 4 | F6: 0 | G6: 0 | H6: 1 | I6: Kerosene, tools (not modelled) and a little food. The mine itself is v2.
A7: R01 | B7: Residential house 1 | C7: residential | D7: 0.5 | E7: 6 | F7: 3 | G7: 0 | H7: 1 | I7: One of twelve residential houses: small haul, depletes after one visit; survivors hide here.
A8: R02 | B8: Residential house 2 | C8: residential | D8: 0.5 | E8: 5 | F8: 2 | G8: 0 | H8: 1 | I8: One of twelve residential houses: small haul, depletes after one visit; survivors hide here.
A9: R03 | B9: Residential house 3 | C9: residential | D9: 1 | E9: 8 | F9: 4 | G9: 0 | H9: 1 | I9: One of twelve residential houses: small haul, depletes after one visit; survivors hide here.
A10: R04 | B10: Residential house 4 | C10: residential | D10: 1 | E10: 4 | F10: 2 | G10: 0 | H10: 1 | I10: One of twelve residential houses: small haul, depletes after one visit; survivors hide here.
A11: R05 | B11: Residential house 5 | C11: residential | D11: 1 | E11: 6 | F11: 3 | G11: 0 | H11: 1 | I11: One of twelve residential houses: small haul, depletes after one visit; survivors hide here.
A12: R06 | B12: Residential house 6 | C12: residential | D12: 1 | E12: 7 | F12: 4 | G12: 0 | H12: 1 | I12: One of twelve residential houses: small haul, depletes after one visit; survivors hide here.
A13: R07 | B13: Residential house 7 | C13: residential | D13: 1.5 | E13: 5 | F13: 2 | G13: 0 | H13: 1 | I13: One of twelve residential houses: small haul, depletes after one visit; survivors hide here.
... A18: R12 | B18: Residential house 12 | C18: residential | D18: 2 | E18: 6 | F18: 3 | G18: 0 | H18: 1 | I18: One of twelve residential houses: small haul, depletes after one visit; survivors hide here.
A20: Haul per trip = min(stock left, carry): food first, then boards with the remaining weight, medicine always fits. Every house depletes.
